Date,Price,Open,High,Low,Change %
20-Sep-21,"43,810.80","47,233.10","47,321.30","43,281.60",-7.25%
19-Sep-21,"47,233.10","48,293.70","48,352.20","46,800.00",-2.20%
18-Sep-21,"48,293.70","47,274.40","48,775.00","47,064.50",2.16%
17-Sep-21,"47,274.40","47,753.80","48,139.20","46,793.80",-1.00%
16-Sep-21,"47,753.80","48,124.60","48,467.10","47,029.30",-0.77%
15-Sep-21,"48,124.60","47,077.90","48,411.80","46,729.50",2.22%
14-Sep-21,"47,077.90","44,932.60","47,210.40","44,678.60",4.77%
13-Sep-21,"44,932.60","46,040.90","46,829.80","43,413.10",-2.43%
12-Sep-21,"46,053.60","45,153.20","46,400.00","44,742.00",1.99%
11-Sep-21,"45,153.20","44,850.70","45,962.00","44,736.70",0.67%
10-Sep-21,"44,850.70","46,359.80","47,035.40","44,201.00",-3.26%
09-Sep-21,"46,359.80","46,059.30","47,397.20","45,526.90",0.65%
08-Sep-21,"46,059.30","46,846.50","47,316.60","44,459.50",-1.67%
07-Sep-21,"46,839.30","52,656.20","52,881.60","43,002.90",-11.05%
06-Sep-21,"52,656.20","51,764.70","52,741.50","50,990.80",1.72%
05-Sep-21,"51,764.70","49,909.60","51,879.90","49,485.00",3.72%
04-Sep-21,"49,909.60","49,997.00","50,520.70","49,401.80",-0.17%
03-Sep-21,"49,997.00","49,253.30","50,985.00","48,338.90",1.51%
02-Sep-21,"49,253.30","48,835.50","50,366.80","48,597.10",0.86%
01-Sep-21,"48,835.50","47,124.10","49,126.30","46,533.40",3.63%
31-Aug-21,"47,124.10","46,966.90","48,180.80","46,709.20",0.33%
30-Aug-21,"46,966.90","48,771.60","48,883.50","46,875.00",-3.70%
29-Aug-21,"48,771.60","48,882.00","49,589.50","47,802.60",-0.23%
28-Aug-21,"48,882.00","49,039.50","49,263.20","48,375.00",-0.32%
27-Aug-21,"49,039.50","46,857.40","49,116.40","46,375.20",4.66%
26-Aug-21,"46,857.40","48,979.10","49,330.00","46,297.20",-4.33%
25-Aug-21,"48,979.10","47,688.20","49,221.10","47,149.60",2.71%
24-Aug-21,"47,688.20","49,518.10","49,838.00","47,630.00",-3.73%
23-Aug-21,"49,534.50","49,280.80","50,460.40","49,055.40",0.51%
22-Aug-21,"49,280.80","48,830.60","49,466.10","48,056.60",0.92%
21-Aug-21,"48,830.60","49,307.90","49,745.00","48,267.80",-0.97%
20-Aug-21,"49,307.90","46,742.30","49,345.00","46,655.30",5.49%
19-Aug-21,"46,742.30","44,706.20","46,986.10","43,953.10",4.55%
18-Aug-21,"44,706.20","44,684.00","45,983.20","44,235.80",0.05%
17-Aug-21,"44,684.00","45,919.20","47,119.40","44,430.20",-2.69%
16-Aug-21,"45,917.30","46,972.50","48,000.00","45,675.00",-2.25%
15-Aug-21,"46,972.50","47,064.00","47,325.80","45,505.10",-0.19%
14-Aug-21,"47,064.00","47,821.60","48,058.90","46,038.80",-1.54%
13-Aug-21,"47,799.00","44,400.40","47,859.70","44,250.00",7.65%
12-Aug-21,"44,400.40","45,544.40","46,209.30","43,801.60",-2.53%
11-Aug-21,"45,555.00","45,581.60","46,722.00","45,360.70",-0.06%
10-Aug-21,"45,581.60","46,286.60","46,674.70","44,632.10",-1.52%
09-Aug-21,"46,286.60","43,820.40","46,439.40","42,829.30",5.63%
08-Aug-21,"43,820.40","44,574.30","45,279.40","43,278.80",-1.69%
07-Aug-21,"44,574.30","42,800.60","44,685.40","42,465.80",4.14%
06-Aug-21,"42,800.60","40,853.10","43,320.60","39,890.20",4.77%
05-Aug-21,"40,853.10","39,743.20","41,349.60","37,350.00",2.79%
04-Aug-21,"39,745.00","38,189.20","39,957.00","37,525.00",4.07%
03-Aug-21,"38,189.20","39,143.80","39,753.30","37,675.00",-2.44%
02-Aug-21,"39,143.80","39,857.00","40,431.00","38,702.10",-1.79%
01-Aug-21,"39,857.00","41,380.10","42,550.00","39,451.00",-3.68%
31-Jul-21,"41,380.10","42,191.80","42,386.20","41,052.10",-1.92%
30-Jul-21,"42,191.80","40,012.00","42,287.30","38,325.90",5.45%
29-Jul-21,"40,012.00","40,019.90","40,600.00","39,287.70",-0.02%
28-Jul-21,"40,019.90","39,489.80","40,830.70","38,800.00",1.34%
27-Jul-21,"39,489.80","37,264.20","39,489.80","36,402.00",5.97%
26-Jul-21,"37,264.20","35,374.20","40,559.50","35,209.80",5.34%
25-Jul-21,"35,374.20","34,718.30","35,375.20","33,871.70",4.65%
24-Jul-21,"33,802.00","33,589.10","33,999.80","33,400.30",0.83%
23-Jul-21,"33,523.30","32,292.80","33,582.60","31,999.60",3.81%
22-Jul-21,"32,292.80","32,131.00","32,575.10","31,725.00",0.54%
21-Jul-21,"32,119.50","29,789.70","32,749.40","29,469.60",7.82%
20-Jul-21,"29,789.70","30,825.20","31,036.20","29,238.50",-3.36%
19-Jul-21,"30,825.20","31,760.80","31,873.10","30,407.30",-2.95%
18-Jul-21,"31,760.80","31,523.00","32,381.80","31,133.40",0.75%
17-Jul-21,"31,523.00","31,402.80","31,921.70","31,194.00",0.38%
16-Jul-21,"31,402.80","31,835.30","32,198.00","31,008.10",-1.36%
15-Jul-21,"31,835.30","32,827.60","33,155.20","31,152.40",-3.02%
14-Jul-21,"32,827.60","32,739.40","33,089.00","31,600.00",0.27%
13-Jul-21,"32,739.40","33,105.50","33,320.80","32,224.40",-1.24%
12-Jul-21,"33,150.00","34,222.40","34,638.50","32,671.70",-3.13%
11-Jul-21,"34,222.40","33,521.70","34,569.30","33,325.00",2.09%
10-Jul-21,"33,521.70","33,807.90","34,225.90","33,050.00",-0.85%
09-Jul-21,"33,807.90","32,997.60","34,083.60","32,623.00",3.57%
08-Jul-21,"32,643.40","33,796.30","33,929.50","32,118.60",-3.41%
07-Jul-21,"33,796.30","34,239.40","35,045.60","33,796.30",-1.02%
06-Jul-21,"34,144.70","33,720.40","34,800.00","33,720.40",1.25%
05-Jul-21,"33,722.70","35,313.00","35,313.00","33,609.10",-4.50%
04-Jul-21,"35,313.00","35,523.60","35,787.50","35,313.00",1.67%
03-Jul-21,"34,732.80","33,806.90","34,732.80","33,556.80",2.74%
02-Jul-21,"33,806.90","33,512.90","33,806.90","32,851.40",0.88%
01-Jul-21,"33,512.90","35,028.10","35,028.10","33,180.80",-4.33%
30-Jun-21,"35,028.10","35,928.90","35,928.90","34,294.80",-2.51%
29-Jun-21,"35,928.90","34,502.80","36,417.00","34,498.80",4.25%
28-Jun-21,"34,463.90","34,653.20","34,712.50","34,115.20",-0.55%
27-Jun-21,"34,653.20","32,225.70","34,653.20","32,225.70",7.53%
26-Jun-21,"32,225.70","31,565.30","32,225.70","30,992.40",2.09%
25-Jun-21,"31,565.30","34,667.20","34,667.20","31,565.30",-8.95%
24-Jun-21,"34,667.20","33,666.60","34,772.50","32,512.60",2.97%
23-Jun-21,"33,666.60","32,454.30","34,464.20","32,454.30",3.74%
22-Jun-21,"32,454.30","31,623.90","32,814.40","29,850.00",2.63%
21-Jun-21,"31,623.90","35,615.10","35,615.10","31,623.90",-11.21%
20-Jun-21,"35,615.10","35,523.70","35,730.60","33,368.70",0.26%
19-Jun-21,"35,523.70","35,792.50","36,220.50","35,424.50",-0.75%
18-Jun-21,"35,792.50","38,049.40","38,049.40","35,175.00",-5.93%
17-Jun-21,"38,049.40","38,327.30","39,358.80","37,683.70",-0.73%
16-Jun-21,"38,327.30","40,149.00","40,178.40","38,327.30",-4.54%
15-Jun-21,"40,149.00","40,501.50","40,501.50","39,797.20",-0.87%
14-Jun-21,"40,501.50","39,019.00","40,730.30","38,914.10",3.80%
13-Jun-21,"39,019.00","35,523.20","39,106.40","35,011.90",9.84%
12-Jun-21,"35,523.20","37,311.80","37,311.80","35,409.80",-4.79%
11-Jun-21,"37,311.80","36,609.70","37,311.80","36,176.50",1.92%
10-Jun-21,"36,609.70","37,353.10","38,198.00","36,221.50",-1.99%
09-Jun-21,"37,353.10","33,355.30","37,353.10","32,609.00",11.99%
08-Jun-21,"33,355.30","33,575.20","33,638.20","32,159.30",-0.66%
07-Jun-21,"33,575.50","35,802.80","36,637.90","33,575.50",-6.22%
06-Jun-21,"35,802.80","35,529.40","36,226.10","35,529.40",0.77%
05-Jun-21,"35,529.40","36,844.70","37,784.80","34,954.30",-3.57%
04-Jun-21,"36,844.70","39,225.90","39,225.90","36,623.80",-6.07%
03-Jun-21,"39,225.90","37,569.60","39,225.90","37,551.10",4.41%
02-Jun-21,"37,569.60","36,682.90","37,967.70","36,241.50",2.42%
01-Jun-21,"36,682.90","37,278.40","37,296.20","35,822.70",-1.60%
31-May-21,"37,278.40","35,644.30","37,278.40","34,221.70",4.58%
30-May-21,"35,644.30","34,575.90","36,213.60","34,474.10",3.09%
29-May-21,"34,575.90","35,673.80","36,908.90","34,038.70",-3.08%
28-May-21,"35,673.80","38,473.70","38,473.70","35,387.50",-7.28%
27-May-21,"38,473.70","39,173.10","39,986.60","37,250.00",-1.79%
26-May-21,"39,173.10","38,373.70","40,370.20","38,000.50",2.08%
25-May-21,"38,373.70","38,765.70","39,200.00","37,317.00",-1.01%
24-May-21,"38,765.70","34,671.90","38,765.70","34,671.90",11.81%
23-May-21,"34,671.90","37,498.80","37,979.60","32,552.90",-7.54%
22-May-21,"37,498.80","37,245.70","38,247.40","36,199.40",0.70%
21-May-21,"37,239.00","40,497.70","41,268.00","36,380.90",-8.05%
20-May-21,"40,497.70","36,699.00","41,612.70","35,537.30",10.48%
19-May-21,"36,655.30","42,865.80","42,865.80","36,655.30",-14.49%
18-May-21,"42,865.80","43,532.20","45,437.60","42,865.80",-1.53%
17-May-21,"43,532.20","46,409.80","46,409.80","42,953.10",-6.20%
16-May-21,"46,409.80","46,691.80","49,327.20","45,146.40",-0.60%
15-May-21,"46,691.80","49,844.50","49,844.50","46,691.80",-6.33%
14-May-21,"49,844.50","49,635.40","51,368.50","49,462.90",0.42%
13-May-21,"49,635.40","49,809.60","51,139.30","48,200.00",-0.35%
12-May-21,"49,809.60","56,691.90","57,814.70","49,809.60",-12.14%
11-May-21,"56,691.90","55,791.70","56,691.90","54,999.20",1.61%
10-May-21,"55,791.70","58,231.60","58,959.70","55,452.80",-4.19%
09-May-21,"58,231.60","58,834.30","59,043.60","57,341.10",-1.02%
08-May-21,"58,834.30","57,355.70","59,024.80","57,355.70",2.58%
07-May-21,"57,355.70","56,378.60","58,177.00","55,595.30",1.73%
06-May-21,"56,378.60","57,427.10","57,600.00","55,400.00",-1.83%
05-May-21,"57,427.10","53,036.30","57,427.10","53,036.30",7.70%
04-May-21,"53,319.40","57,148.00","57,148.00","53,319.40",-6.70%
03-May-21,"57,148.00","56,607.30","58,448.50","56,607.30",0.96%
02-May-21,"56,607.30","57,795.10","57,795.10","56,315.60",-2.06%
01-May-21,"57,795.10","57,724.10","58,153.20","57,262.90",0.12%
30-Apr-21,"57,724.10","53,541.40","57,724.10","53,478.80",7.81%
29-Apr-21,"53,541.40","54,752.20","54,862.60","52,924.00",-2.21%
28-Apr-21,"54,752.20","55,009.70","55,590.80","54,351.40",-0.47%
27-Apr-21,"55,009.70","53,993.90","55,171.50","53,433.50",1.88%
26-Apr-21,"53,993.90","48,980.70","54,192.20","48,980.70",10.24%
25-Apr-21,"48,980.70","50,094.40","50,248.10","48,615.20",-2.22%
24-Apr-21,"50,094.40","51,086.10","51,086.10","49,424.80",-1.94%
23-Apr-21,"51,086.10","51,713.80","51,713.80","47,900.30",-1.21%
22-Apr-21,"51,713.80","53,767.80","55,011.50","51,695.20",-3.82%
21-Apr-21,"53,767.80","56,372.20","56,372.20","53,767.80",-4.62%
20-Apr-21,"56,371.40","55,609.40","56,891.20","53,962.70",1.37%
19-Apr-21,"55,609.40","56,182.40","57,094.90","55,491.10",-1.02%
18-Apr-21,"56,182.40","60,005.60","60,005.60","54,557.50",-6.44%
17-Apr-21,"60,049.20","61,359.40","62,315.90","60,049.20",-2.14%
16-Apr-21,"61,359.40","63,197.70","63,356.80","60,328.20",-2.91%
15-Apr-21,"63,197.70","62,964.40","63,472.60","62,500.00",0.37%
14-Apr-21,"62,964.40","63,517.70","64,477.90","62,142.60",-0.87%
13-Apr-21,"63,517.70","59,871.90","63,517.70","59,871.90",6.09%
12-Apr-21,"59,871.90","59,953.80","60,723.00","59,842.30",-0.14%
11-Apr-21,"59,953.80","59,769.80","60,199.60","59,611.00",0.31%
10-Apr-21,"59,769.80","58,135.50","60,916.40","58,135.50",2.81%
09-Apr-21,"58,135.50","58,050.00","58,545.70","57,963.60",0.15%
08-Apr-21,"58,050.00","55,911.60","58,050.00","55,911.60",3.82%
07-Apr-21,"55,911.60","57,979.60","57,979.60","55,813.00",-3.57%
06-Apr-21,"57,979.60","59,100.00","59,149.70","57,778.30",-1.88%
05-Apr-21,"59,089.70","58,182.00","59,089.70","56,998.60",1.56%
04-Apr-21,"58,182.00","57,031.90","58,232.40","57,031.90",2.02%
03-Apr-21,"57,031.90","58,960.80","59,650.00","57,031.90",-3.27%
02-Apr-21,"58,960.80","58,750.00","59,683.10","58,731.90",0.36%
01-Apr-21,"58,750.00","58,772.40","59,224.50","58,644.80",-0.04%
31-Mar-21,"58,772.40","58,798.20","59,499.00","57,886.80",-0.04%
30-Mar-21,"58,798.20","57,655.40","59,120.60","57,260.80",1.98%
29-Mar-21,"57,655.40","55,768.20","58,131.10","55,173.10",3.38%
28-Mar-21,"55,768.20","55,813.70","56,257.90","55,000.00",-0.08%
27-Mar-21,"55,813.70","55,043.90","56,366.40","54,023.80",1.48%
26-Mar-21,"54,997.10","51,344.30","54,997.10","51,344.30",7.11%
25-Mar-21,"51,344.30","52,317.70","52,950.90","50,665.90",-1.88%
24-Mar-21,"52,328.10","54,362.30","56,845.30","52,328.10",-3.74%
23-Mar-21,"54,362.30","54,119.70","55,697.90","53,623.30",0.44%
22-Mar-21,"54,125.50","57,394.80","58,070.00","54,125.50",-5.70%
21-Mar-21,"57,399.90","58,104.40","58,460.10","55,919.90",-1.21%
20-Mar-21,"58,104.40","58,087.30","59,264.90","58,087.30",0.03%
19-Mar-21,"58,087.30","57,655.40","59,123.10","56,982.30",0.75%
18-Mar-21,"57,655.40","58,800.00","59,043.50","57,655.40",-1.95%
17-Mar-21,"58,800.00","56,877.00","58,800.00","54,917.10",3.38%
16-Mar-21,"56,877.00","55,664.70","56,877.00","54,350.00",2.18%
15-Mar-21,"55,664.70","59,023.90","60,103.30","55,664.70",-5.71%
14-Mar-21,"59,034.70","61,176.00","61,204.30","59,034.70",-3.50%
13-Mar-21,"61,176.00","57,338.50","61,176.00","56,526.20",6.69%
12-Mar-21,"57,338.50","57,679.30","57,679.30","55,913.70",-0.59%
11-Mar-21,"57,679.30","55,840.70","57,718.00","54,546.60",3.29%
10-Mar-21,"55,840.70","54,872.40","56,878.00","53,438.80",1.76%
09-Mar-21,"54,872.40","52,302.70","54,872.40","52,198.50",4.97%
08-Mar-21,"52,273.20","50,976.50","52,273.20","49,555.10",2.54%
07-Mar-21,"50,976.50","48,924.60","51,150.00","48,924.60",4.19%
06-Mar-21,"48,924.60","48,700.00","48,924.60","47,500.00",0.46%
05-Mar-21,"48,700.00","48,380.90","48,931.80","46,500.00",0.66%
04-Mar-21,"48,380.90","50,363.20","51,526.90","48,127.50",-3.94%
03-Mar-21,"50,363.20","48,414.10","52,272.90","48,122.90",4.03%
02-Mar-21,"48,414.10","49,583.20","49,583.20","47,367.90",-2.36%
01-Mar-21,"49,583.20","45,149.40","49,583.20","45,149.40",9.82%
28-Feb-21,"45,149.40","46,141.90","46,271.80","43,392.00",-2.15%
27-Feb-21,"46,141.90","46,354.00","47,685.80","46,141.90",-0.46%
26-Feb-21,"46,354.00","47,070.80","47,900.00","46,075.00",-1.52%
25-Feb-21,"47,070.80","49,613.70","50,993.80","47,070.80",-5.13%
24-Feb-21,"49,613.70","48,909.30","50,753.00","48,000.60",1.44%
23-Feb-21,"48,909.30","54,058.40","54,058.40","47,452.80",-9.53%
22-Feb-21,"54,058.40","57,381.70","57,381.70","51,923.90",-5.79%
21-Feb-21,"57,381.70","55,868.80","57,672.90","55,868.80",2.69%
20-Feb-21,"55,879.30","55,875.40","57,121.10","55,512.30",0.01%
19-Feb-21,"55,875.40","51,581.00","55,875.40","51,309.20",8.33%
18-Feb-21,"51,581.00","52,058.40","52,204.10","51,511.70",-0.92%
17-Feb-21,"52,058.40","49,919.90","52,307.50","49,919.90",6.89%
16-Feb-21,"48,701.80","47,915.60","49,600.00","47,915.60",1.64%
15-Feb-21,"47,915.60","48,631.00","48,631.00","46,875.80",-1.47%
14-Feb-21,"48,631.10","47,149.60","49,167.30","47,149.60",3.14%
13-Feb-21,"47,149.60","47,335.10","47,726.00","46,726.00",-0.39%
12-Feb-21,"47,335.10","47,942.70","48,395.30","47,016.60",-1.27%
11-Feb-21,"47,942.70","44,824.70","47,966.60","44,379.80",6.96%
10-Feb-21,"44,824.70","46,518.40","46,778.40","44,717.10",-3.64%
09-Feb-21,"46,518.40","46,317.60","47,779.70","45,917.30",0.43%
08-Feb-21,"46,317.60","38,790.40","46,317.60","38,181.50",19.38%
07-Feb-21,"38,800.00","39,233.00","39,347.90","38,059.50",-1.10%
06-Feb-21,"39,233.00","38,267.50","40,511.10","38,267.50",2.52%
05-Feb-21,"38,267.50","36,945.60","38,267.50","36,775.70",3.58%
04-Feb-21,"36,946.20","37,597.40","37,984.10","36,727.10",-1.73%
03-Feb-21,"37,597.40","35,480.70","37,597.40","35,480.70",5.97%
02-Feb-21,"35,480.70","33,568.80","35,712.80","33,568.80",5.70%
01-Feb-21,"33,568.80","33,115.10","34,134.20","32,601.80",1.37%
31-Jan-21,"33,115.10","34,230.10","34,230.10","32,606.50",-3.26%
30-Jan-21,"34,230.10","34,255.50","34,347.50","33,444.60",0.01%
29-Jan-21,"34,228.10","33,354.40","37,800.00","32,576.70",2.62%
28-Jan-21,"33,354.40","30,350.00","33,354.40","30,350.00",9.90%
27-Jan-21,"30,350.00","32,511.90","32,511.90","29,717.30",-6.65%
26-Jan-21,"32,511.90","32,271.30","32,534.60","31,355.40",0.75%
25-Jan-21,"32,271.30","32,238.80","34,644.60","32,238.80",0.10%
24-Jan-21,"32,238.80","32,072.80","32,832.70","31,661.40",0.52%
23-Jan-21,"32,072.80","32,941.80","32,941.80","31,856.10",-2.70%
22-Jan-21,"32,961.30","30,822.30","33,627.60","30,351.70",6.94%
21-Jan-21,"30,822.30","35,463.30","35,463.30","30,822.30",-13.09%
20-Jan-21,"35,463.30","35,921.80","35,921.80","34,417.40",-1.27%
19-Jan-21,"35,918.20","36,630.60","37,600.90","35,918.20",-1.94%
18-Jan-21,"36,630.60","35,810.20","36,845.10","35,080.80",2.25%
17-Jan-21,"35,825.30","36,014.40","36,629.30","34,640.80",-0.52%
16-Jan-21,"36,014.40","36,763.30","37,882.50","36,014.40",-2.04%
15-Jan-21,"36,763.30","39,178.40","39,211.80","35,889.80",-6.16%
14-Jan-21,"39,178.40","37,356.10","39,705.00","37,356.10",4.88%
13-Jan-21,"37,356.10","34,068.90","37,356.10","32,476.40",9.65%
12-Jan-21,"34,068.90","35,367.30","36,062.90","33,618.20",-3.67%
11-Jan-21,"35,367.30","38,173.80","38,173.80","30,651.60",-7.37%
10-Jan-21,"38,181.50","40,093.50","40,968.00","38,181.50",-4.77%
09-Jan-21,"40,093.50","40,573.40","41,125.00","39,449.10",-1.18%
08-Jan-21,"40,573.40","39,429.50","41,226.20","37,951.60",2.90%
07-Jan-21,"39,429.50","36,716.50","39,429.50","36,716.50",7.39%
06-Jan-21,"36,716.50","33,942.10","36,716.50","33,808.00",8.17%
05-Jan-21,"33,942.10","32,000.00","33,942.10","30,940.80",6.14%
04-Jan-21,"31,977.30","33,015.30","33,225.90","30,246.40",-3.14%
03-Jan-21,"33,015.30","32,196.70","34,270.20","32,196.70",2.54%
02-Jan-21,"32,196.70","29,315.90","32,900.00","29,148.00",9.83%
01-Jan-21,"29,315.90","28,959.10","29,328.20","28,959.10",1.23%
31-Dec-20,"28,959.10","28,856.90","29,129.60","28,400.00",0.35%
30-Dec-20,"28,856.90","27,390.00","28,856.90","27,390.00",5.36%
29-Dec-20,"27,390.00","27,081.90","27,390.00","26,173.30",1.14%
28-Dec-20,"27,081.90","26,272.10","27,365.50","26,272.10",3.08%
27-Dec-20,"26,272.10","26,484.90","28,177.50","26,168.60",-0.76%
26-Dec-20,"26,472.50","24,718.20","26,472.50","24,610.70",7.10%
25-Dec-20,"24,718.20","23,729.40","24,718.20","23,545.60",4.17%
24-Dec-20,"23,729.40","23,228.10","23,729.40","22,912.00",2.16%
23-Dec-20,"23,228.10","23,830.00","23,830.00","23,228.10",-2.53%
22-Dec-20,"23,830.00","22,750.40","23,830.00","22,626.80",4.75%
21-Dec-20,"22,750.40","23,501.70","23,980.80","22,637.50",-3.20%
20-Dec-20,"23,501.70","23,835.40","23,835.40","23,428.60",-1.40%
19-Dec-20,"23,835.40","23,098.30","23,886.00","22,890.70",3.19%
18-Dec-20,"23,098.30","22,792.00","23,233.50","22,450.00",1.25%
17-Dec-20,"22,812.20","21,340.10","23,529.50","21,340.10",6.90%
16-Dec-20,"21,340.10","19,421.40","21,340.10","19,348.00",9.88%
15-Dec-20,"19,421.40","19,272.80","19,495.60","19,135.40",0.77%
14-Dec-20,"19,272.80","19,165.30","19,272.80","19,073.80",0.56%
13-Dec-20,"19,165.30","18,786.80","19,336.80","18,750.30",2.01%
12-Dec-20,"18,786.80","18,028.20","18,823.00","18,028.20",4.21%
11-Dec-20,"18,028.20","18,240.30","18,240.30","17,784.30",-1.19%
10-Dec-20,"18,245.10","18,543.80","18,543.80","18,164.80",-1.61%
09-Dec-20,"18,543.80","18,328.60","18,543.80","17,975.30",1.17%
08-Dec-20,"18,328.60","19,172.70","19,209.20","18,328.60",-4.40%
07-Dec-20,"19,172.70","19,359.40","19,359.40","19,017.30",-0.96%
06-Dec-20,"19,359.40","19,140.60","19,359.40","19,055.00",1.14%
05-Dec-20,"19,140.60","18,653.20","19,140.60","18,606.90",2.61%
04-Dec-20,"18,653.20","19,418.30","19,418.30","18,653.20",-3.94%
03-Dec-20,"19,418.30","19,201.40","19,422.20","18,961.20",1.06%
02-Dec-20,"19,214.40","18,782.10","19,214.40","18,509.90",2.30%
01-Dec-20,"18,782.10","19,667.30","19,667.30","18,782.10",-4.50%
30-Nov-20,"19,667.30","18,182.30","19,667.30","18,182.30",8.17%
29-Nov-20,"18,182.30","17,718.80","18,192.70","17,608.80",2.60%
28-Nov-20,"17,720.80","17,135.00","17,801.70","16,900.80",3.42%
27-Nov-20,"17,135.00","17,166.80","17,366.10","16,645.30",-0.19%
26-Nov-20,"17,166.80","18,718.80","18,718.80","16,549.60",-8.29%
25-Nov-20,"18,718.80","19,153.10","19,220.20","18,718.80",-2.27%
24-Nov-20,"19,153.10","18,380.60","19,381.20","18,221.00",4.20%
23-Nov-20,"18,380.60","18,435.40","18,700.70","18,266.70",-0.30%
22-Nov-20,"18,435.40","18,699.90","18,699.90","18,083.40",-1.41%
21-Nov-20,"18,699.90","18,662.50","18,771.60","18,517.70",0.20%
20-Nov-20,"18,662.50","17,811.60","18,721.30","17,811.60",4.78%
19-Nov-20,"17,811.60","17,775.60","18,001.60","17,479.10",0.22%
18-Nov-20,"17,772.50","17,662.40","18,158.60","17,662.40",0.62%
17-Nov-20,"17,662.40","16,705.60","17,662.40","16,657.00",5.73%
16-Nov-20,"16,705.60","15,951.60","16,770.00","15,951.60",4.73%
15-Nov-20,"15,951.60","16,070.70","16,075.80","15,866.80",-0.74%
14-Nov-20,"16,070.70","16,328.40","16,328.40","15,843.20",-1.58%
13-Nov-20,"16,328.40","16,287.60","16,432.10","16,160.00",0.25%
12-Nov-20,"16,287.60","15,690.30","16,287.60","15,615.40",3.81%
11-Nov-20,"15,690.30","15,295.90","15,838.90","15,295.90",2.58%
10-Nov-20,"15,295.90","15,314.30","15,364.70","15,243.30",-0.12%
09-Nov-20,"15,314.30","15,473.00","15,612.40","14,926.00",-1.03%
08-Nov-20,"15,473.00","14,805.00","15,520.00","14,805.00",4.43%
07-Nov-20,"14,816.50","15,571.30","15,632.30","14,800.00",-4.85%
06-Nov-20,"15,571.30","15,586.00","15,871.30","15,411.00",-0.09%
05-Nov-20,"15,586.00","14,141.20","15,586.00","14,141.20",10.22%
04-Nov-20,"14,141.20","14,013.40","14,141.50","13,662.40",0.91%
03-Nov-20,"14,013.40","13,559.50","14,013.40","13,333.80",3.35%
02-Nov-20,"13,559.50","13,753.70","13,762.90","13,406.70",-1.41%
01-Nov-20,"13,753.70","13,794.50","13,840.00","13,693.30",-0.30%
31-Oct-20,"13,794.70","13,550.40","13,956.50","13,503.50",1.80%
30-Oct-20,"13,550.40","13,452.10","13,585.20","13,231.00",0.73%
29-Oct-20,"13,452.10","13,271.90","13,523.40","13,134.20",1.36%
28-Oct-20,"13,271.90","13,648.50","13,748.30","13,190.90",-2.76%
27-Oct-20,"13,648.50","13,050.00","13,671.10","13,050.00",4.59%
26-Oct-20,"13,050.00","13,024.50","13,130.60","12,936.80",0.20%
25-Oct-20,"13,024.50","13,115.20","13,270.00","12,937.80",-0.69%
24-Oct-20,"13,115.20","12,921.00","13,119.60","12,913.50",1.50%
23-Oct-20,"12,921.00","12,968.60","12,991.80","12,861.50",-0.37%
22-Oct-20,"12,968.60","12,796.70","13,133.70","12,758.20",1.34%
21-Oct-20,"12,796.70","11,910.30","12,900.00","11,910.30",7.44%
20-Oct-20,"11,910.30","11,743.70","11,970.00","11,716.80",1.42%
19-Oct-20,"11,743.70","11,489.70","11,743.70","11,434.00",2.21%
18-Oct-20,"11,489.70","11,362.80","11,489.70","11,362.80",1.12%
17-Oct-20,"11,362.80","11,312.90","11,362.80","11,303.60",0.44%
16-Oct-20,"11,312.90","11,486.10","11,503.10","11,256.10",-1.51%
15-Oct-20,"11,486.10","11,417.40","11,486.10","11,298.00",0.60%
14-Oct-20,"11,417.40","11,427.80","11,451.70","11,324.10",-0.09%
13-Oct-20,"11,427.80","11,535.00","11,535.00","11,375.00",-0.94%
12-Oct-20,"11,536.40","11,375.70","11,638.30","11,267.70",1.41%
11-Oct-20,"11,375.70","11,295.40","11,411.00","11,295.40",0.71%
10-Oct-20,"11,295.40","11,057.70","11,406.60","11,057.70",2.15%
09-Oct-20,"11,057.70","10,917.70","11,063.50","10,865.80",1.31%
08-Oct-20,"10,914.40","10,665.00","10,914.40","10,592.50",2.34%
07-Oct-20,"10,665.00","10,600.40","10,665.00","10,585.30",0.61%
06-Oct-20,"10,600.40","10,780.00","10,780.00","10,567.50",-1.67%
05-Oct-20,"10,780.00","10,667.00","10,780.00","10,660.40",1.06%
04-Oct-20,"10,667.00","10,544.70","10,671.10","10,544.70",1.16%
03-Oct-20,"10,544.70","10,562.80","10,577.10","10,529.00",-0.17%
02-Oct-20,"10,562.80","10,619.10","10,619.10","10,431.10",-0.53%
01-Oct-20,"10,619.10","10,763.10","10,882.10","10,514.80",-1.34%
30-Sep-20,"10,763.10","10,834.70","10,834.70","10,707.40",-0.66%
29-Sep-20,"10,834.70","10,695.20","10,834.70","10,684.30",1.30%
28-Sep-20,"10,695.20","10,767.30","10,914.50","10,695.20",-0.67%
27-Sep-20,"10,767.30","10,730.80","10,770.90","10,636.40",0.34%
26-Sep-20,"10,730.80","10,677.80","10,756.90","10,660.20",0.50%
25-Sep-20,"10,677.80","10,732.40","10,737.00","10,600.00",-0.51%
24-Sep-20,"10,732.40","10,233.00","10,732.40","10,233.00",4.88%
23-Sep-20,"10,233.00","10,532.90","10,532.90","10,219.50",-2.85%
22-Sep-20,"10,532.90","10,423.00","10,532.90","10,415.10",1.05%
21-Sep-20,"10,423.00","10,922.40","10,963.40","10,392.50",-4.57%
20-Sep-20,"10,922.40","11,074.40","11,074.40","10,858.50",-1.37%
19-Sep-20,"11,074.40","10,928.00","11,101.70","10,918.80",1.35%
18-Sep-20,"10,927.30","10,927.40","11,010.10","10,873.80",0.00%
17-Sep-20,"10,927.40","10,948.20","10,948.20","10,854.20",-0.19%
16-Sep-20,"10,948.20","10,782.00","11,032.10","10,683.80",1.54%
15-Sep-20,"10,782.00","10,667.30","10,878.20","10,667.30",1.08%
14-Sep-20,"10,667.30","10,308.20","10,691.80","10,302.00",3.48%
13-Sep-20,"10,308.20","10,433.80","10,547.00","10,274.50",-1.20%
12-Sep-20,"10,433.80","10,384.50","10,464.90","10,284.50",0.47%
11-Sep-20,"10,384.50","10,349.30","10,384.50","10,228.30",0.34%
10-Sep-20,"10,349.30","10,222.50","10,447.20","10,222.50",1.24%
09-Sep-20,"10,222.50","10,116.00","10,321.90","9,994.70",1.05%
08-Sep-20,"10,116.00","10,365.70","10,365.70","9,927.60",-2.41%
07-Sep-20,"10,365.70","10,248.00","10,365.70","9,936.90",1.15%
06-Sep-20,"10,248.00","10,165.20","10,248.00","10,087.50",0.81%
05-Sep-20,"10,165.20","10,454.60","10,499.40","10,073.30",-2.77%
04-Sep-20,"10,454.60","10,267.50","10,543.30","10,264.20",1.82%
03-Sep-20,"10,267.50","11,391.90","11,391.90","10,267.50",-9.87%
02-Sep-20,"11,391.90","11,927.30","11,927.30","11,300.20",-4.49%
01-Sep-20,"11,927.30","11,656.40","12,002.30","11,608.90",2.32%
31-Aug-20,"11,656.40","11,707.40","11,728.50","11,616.90",-0.44%
30-Aug-20,"11,707.40","11,478.70","11,707.40","11,478.70",1.99%
29-Aug-20,"11,478.70","11,522.60","11,543.90","11,465.00",-0.38%
28-Aug-20,"11,522.60","11,319.00","11,523.00","11,290.50",1.80%
27-Aug-20,"11,319.00","11,458.30","11,458.30","11,220.00",-1.22%
26-Aug-20,"11,458.30","11,337.30","11,494.90","11,284.40",1.07%
25-Aug-20,"11,337.30","11,753.50","11,756.00","11,229.20",-3.58%
24-Aug-20,"11,757.90","11,649.10","11,791.80","11,649.10",0.93%
23-Aug-20,"11,649.10","11,675.10","11,689.80","11,572.20",-0.22%
22-Aug-20,"11,675.10","11,514.50","11,675.10","11,430.80",1.39%
21-Aug-20,"11,514.50","11,859.20","11,859.20","11,514.50",-2.91%
20-Aug-20,"11,859.20","11,742.00","11,866.20","11,727.10",1.00%
19-Aug-20,"11,742.00","11,960.20","11,977.00","11,694.00",-1.82%
18-Aug-20,"11,960.20","12,271.70","12,323.30","11,897.40",-2.54%
17-Aug-20,"12,271.70","11,910.00","12,375.50","11,801.50",3.04%
16-Aug-20,"11,910.00","11,866.30","11,910.00","11,776.50",0.37%
15-Aug-20,"11,866.30","11,739.00","11,938.20","11,739.00",1.08%
14-Aug-20,"11,739.00","11,754.00","11,791.90","11,673.00",-0.13%
13-Aug-20,"11,754.00","11,562.40","11,754.00","11,397.60",1.66%
12-Aug-20,"11,562.40","11,396.20","11,573.90","11,291.00",1.46%
11-Aug-20,"11,396.20","11,874.20","11,912.40","11,205.70",-4.03%
10-Aug-20,"11,874.20","11,681.50","11,977.00","11,681.50",1.65%
09-Aug-20,"11,681.50","11,749.30","11,749.30","11,595.90",-0.67%
08-Aug-20,"11,760.00","11,590.80","11,771.80","11,547.50",1.46%
07-Aug-20,"11,590.80","11,750.50","11,870.40","11,477.90",-1.36%
06-Aug-20,"11,750.50","11,734.00","11,861.30","11,628.40",0.14%
05-Aug-20,"11,734.00","11,188.50","11,734.00","11,188.50",4.88%
04-Aug-20,"11,188.50","11,217.20","11,353.00","11,140.00",-0.26%
03-Aug-20,"11,217.20","11,072.00","11,375.00","11,072.00",1.31%
02-Aug-20,"11,072.00","11,793.80","11,954.80","11,072.00",-6.12%
01-Aug-20,"11,793.80","11,329.90","11,793.80","11,328.20",4.09%
31-Jul-20,"11,329.90","11,095.20","11,345.10","11,015.00",2.12%
30-Jul-20,"11,095.20","11,102.00","11,144.50","10,947.90",-0.06%
29-Jul-20,"11,102.00","10,903.00","11,318.30","10,903.00",1.83%
28-Jul-20,"10,903.00","11,018.60","11,188.30","10,868.50",-1.05%
27-Jul-20,"11,018.60","9,930.90","11,196.70","9,930.90",10.95%
26-Jul-20,"9,930.90","9,699.40","9,939.50","9,691.20",2.39%
25-Jul-20,"9,699.40","9,534.70","9,699.40","9,534.70",1.73%
24-Jul-20,"9,534.70","9,604.00","9,604.00","9,509.10",-0.72%
23-Jul-20,"9,604.00","9,524.10","9,604.00","9,489.50",0.84%
22-Jul-20,"9,524.10","9,379.20","9,524.10","9,312.70",1.55%
21-Jul-20,"9,379.20","9,159.60","9,379.20","9,159.60",2.40%
20-Jul-20,"9,159.60","9,213.20","9,215.30","9,154.90",-0.58%
19-Jul-20,"9,213.20","9,166.00","9,213.20","9,120.00",0.52%
18-Jul-20,"9,166.00","9,152.80","9,172.90","9,126.00",0.14%
17-Jul-20,"9,152.80","9,137.00","9,162.00","9,119.80",0.17%
16-Jul-20,"9,137.00","9,191.00","9,213.00","9,076.30",-0.59%
15-Jul-20,"9,191.00","9,248.90","9,248.90","9,191.00",-0.63%
14-Jul-20,"9,248.90","9,238.60","9,265.90","9,181.00",0.11%
13-Jul-20,"9,238.60","9,296.70","9,318.10","9,238.60",-0.63%
12-Jul-20,"9,296.70","9,230.30","9,296.70","9,180.30",0.72%
11-Jul-20,"9,230.30","9,293.60","9,293.60","9,183.20",-0.68%
10-Jul-20,"9,293.60","9,236.60","9,293.60","9,160.60",0.62%
09-Jul-20,"9,236.60","9,437.90","9,437.90","9,222.80",-2.13%
08-Jul-20,"9,437.90","9,247.40","9,439.40","9,247.40",2.06%
07-Jul-20,"9,247.40","9,339.90","9,339.90","9,238.70",-0.99%
06-Jul-20,"9,339.90","9,084.40","9,339.90","9,070.00",2.81%
05-Jul-20,"9,084.40","9,127.20","9,143.10","9,003.00",-0.47%
04-Jul-20,"9,127.20","9,061.20","9,179.00","9,048.90",0.73%
03-Jul-20,"9,061.20","9,089.50","9,123.60","9,043.30",-0.31%
02-Jul-20,"9,089.50","9,221.80","9,257.50","8,960.00",-1.43%
01-Jul-20,"9,221.80","9,136.80","9,285.00","9,092.90",0.93%
30-Jun-20,"9,136.80","9,183.20","9,196.40","9,090.00",-0.50%
29-Jun-20,"9,183.20","9,126.70","9,235.30","9,017.90",0.62%
28-Jun-20,"9,126.70","9,011.30","9,184.00","8,950.00",1.28%
27-Jun-20,"9,011.30","9,156.30","9,195.00","8,900.00",-1.58%
26-Jun-20,"9,156.30","9,252.50","9,295.60","9,057.20",-1.04%
25-Jun-20,"9,252.50","9,299.00","9,330.00","9,050.00",-0.50%
24-Jun-20,"9,299.00","9,616.90","9,675.10","9,233.10",-3.31%
23-Jun-20,"9,616.90","9,687.40","9,718.70","9,566.00",-0.73%
22-Jun-20,"9,687.40","9,296.00","9,732.00","9,287.80",4.21%
21-Jun-20,"9,296.00","9,358.00","9,400.50","9,288.00",-0.66%
20-Jun-20,"9,358.00","9,310.00","9,381.40","9,220.00",0.52%
19-Jun-20,"9,310.00","9,397.80","9,453.20","9,260.00",-0.93%
18-Jun-20,"9,397.80","9,452.30","9,505.20","9,300.00",-0.58%
17-Jun-20,"9,452.30","9,513.70","9,547.40","9,230.00",-0.64%
16-Jun-20,"9,513.70","9,422.00","9,570.00","9,379.20",0.97%
15-Jun-20,"9,422.00","9,344.60","9,486.10","8,933.50",0.83%
14-Jun-20,"9,344.60","9,466.20","9,466.20","9,275.90",-1.28%
13-Jun-20,"9,466.20","9,460.60","9,490.00","9,373.40",0.06%
12-Jun-20,"9,460.60","9,277.30","9,541.00","9,251.80",1.98%
11-Jun-20,"9,277.30","9,882.30","9,950.00","9,150.00",-6.12%
10-Jun-20,"9,882.30","9,763.90","9,964.80","9,696.10",1.21%
09-Jun-20,"9,763.90","9,787.30","9,858.90","9,600.40",-0.24%
08-Jun-20,"9,787.30","9,734.90","9,797.00","9,642.60",0.54%
07-Jun-20,"9,734.90","9,669.70","9,786.00","9,404.00",0.67%
06-Jun-20,"9,669.70","9,638.90","9,728.00","9,552.50",0.32%
05-Jun-20,"9,638.90","9,794.20","9,840.40","9,621.30",-1.59%
04-Jun-20,"9,794.20","9,654.10","9,862.70","9,469.30",1.45%
03-Jun-20,"9,654.10","9,521.30","9,664.30","9,401.10",1.41%
02-Jun-20,"9,520.30","10,138.70","10,191.30","9,300.00",-6.10%
01-Jun-20,"10,138.70","9,457.40","10,155.40","9,435.20",7.20%
31-May-20,"9,457.40","9,691.90","9,692.00","9,405.00",-2.42%
30-May-20,"9,691.90","9,424.90","9,722.20","9,348.00",2.83%
29-May-20,"9,424.90","9,566.00","9,594.00","9,300.70",-1.47%
28-May-20,"9,566.00","9,193.60","9,611.00","9,122.20",4.05%
27-May-20,"9,193.60","8,843.60","9,214.90","8,822.00",3.96%
26-May-20,"8,843.60","8,906.10","8,999.00","8,716.30",-0.70%
25-May-20,"8,906.10","8,732.80","8,966.30","8,665.40",1.98%
24-May-20,"8,733.40","9,179.80","9,292.00","8,717.80",-4.86%
23-May-20,"9,179.80","9,158.90","9,300.00","9,100.00",0.23%
22-May-20,"9,158.90","9,055.10","9,247.90","8,952.00",1.15%
21-May-20,"9,055.10","9,514.50","9,561.00","8,823.10",-4.83%
20-May-20,"9,514.50","9,777.10","9,821.80","9,350.20",-2.69%
19-May-20,"9,777.10","9,732.80","9,880.40","9,500.00",0.46%
18-May-20,"9,732.80","9,669.90","9,933.10","9,493.00",0.65%
17-May-20,"9,669.90","9,386.70","9,869.00","9,341.90",3.02%
16-May-20,"9,386.70","9,303.00","9,582.60","9,213.90",0.90%
15-May-20,"9,303.00","9,784.10","9,829.80","9,166.70",-4.92%
14-May-20,"9,784.10","9,303.40","9,917.90","9,242.10",5.17%
13-May-20,"9,303.40","8,804.00","9,400.60","8,798.40",5.67%
12-May-20,"8,804.00","8,572.10","8,962.70","8,549.90",2.70%
11-May-20,"8,572.60","8,743.20","9,150.00","8,217.00",-1.95%
10-May-20,"8,743.20","9,549.20","9,569.30","8,100.00",-8.44%
09-May-20,"9,549.20","9,812.00","9,899.00","9,532.20",-2.71%
08-May-20,"9,815.40","9,971.30","10,020.00","9,729.20",-1.56%
07-May-20,"9,971.30","9,145.60","10,064.30","9,047.50",9.03%
06-May-20,"9,145.60","9,024.00","9,380.00","8,918.00",1.35%
05-May-20,"9,024.00","8,867.80","9,100.00","8,749.60",1.76%
04-May-20,"8,867.80","8,896.40","8,946.80","8,522.40",-0.32%
03-May-20,"8,896.40","8,971.20","9,175.00","8,723.30",-0.83%
02-May-20,"8,971.20","8,809.90","8,997.00","8,765.00",1.83%
01-May-20,"8,809.90","8,624.80","9,046.20","8,624.80",2.04%
30-Apr-20,"8,633.60","8,746.90","9,455.40","8,415.30",-1.29%
29-Apr-20,"8,746.90","7,745.30","8,932.80","7,720.60",12.93%
28-Apr-20,"7,745.30","7,772.50","7,772.90","7,669.20",-0.35%
27-Apr-20,"7,772.50","7,685.00","7,773.80","7,619.60",1.14%
26-Apr-20,"7,685.00","7,533.30","7,691.00","7,500.00",2.01%
25-Apr-20,"7,533.30","7,493.40","7,697.00","7,449.00",0.53%
24-Apr-20,"7,493.40","7,471.30","7,596.00","7,362.00",0.30%
23-Apr-20,"7,471.30","7,113.70","7,596.00","7,026.40",5.03%
22-Apr-20,"7,113.70","6,836.30","7,143.70","6,820.70",4.06%
21-Apr-20,"6,836.30","6,818.60","6,928.80","6,772.80",0.26%
20-Apr-20,"6,818.60","7,110.10","7,204.70","6,770.70",-4.10%
19-Apr-20,"7,110.10","7,236.10","7,268.30","7,054.80",-1.74%
18-Apr-20,"7,236.10","7,033.90","7,275.10","7,030.00",2.87%
17-Apr-20,"7,033.90","7,091.50","7,150.00","7,011.10",-0.81%
16-Apr-20,"7,091.50","6,629.40","7,174.70","6,500.00",6.97%
15-Apr-20,"6,629.40","6,854.40","6,931.50","6,614.90",-3.28%
14-Apr-20,"6,854.40","6,855.30","6,967.70","6,775.60",-0.01%
13-Apr-20,"6,855.30","6,900.00","6,900.00","6,604.10",-0.98%
12-Apr-20,"6,922.80","6,850.00","7,161.00","6,792.60",1.06%
11-Apr-20,"6,850.00","6,823.80","6,933.00","6,750.00",0.38%
10-Apr-20,"6,823.80","7,282.30","7,289.00","6,757.50",-6.30%
09-Apr-20,"7,282.30","7,349.40","7,369.80","7,133.70",-0.91%
08-Apr-20,"7,349.40","7,210.80","7,406.40","7,152.30",1.92%
07-Apr-20,"7,210.80","7,331.60","7,450.00","7,121.70",-1.65%
06-Apr-20,"7,331.60","6,781.20","7,340.30","6,774.40",8.12%
05-Apr-20,"6,781.20","6,856.10","6,879.10","6,686.30",-1.09%
04-Apr-20,"6,856.10","6,751.80","6,972.60","6,661.60",1.54%
03-Apr-20,"6,751.80","6,793.30","7,038.50","6,624.90",-0.76%
02-Apr-20,"6,803.70","6,655.50","6,877.60","6,560.00",2.23%
01-Apr-20,"6,655.50","6,428.40","6,663.60","6,159.20",3.53%
31-Mar-20,"6,428.40","6,398.60","6,507.60","6,338.70",0.47%
30-Mar-20,"6,398.60","5,899.90","6,585.50","5,873.30",8.45%
29-Mar-20,"5,899.90","6,238.80","6,274.70","5,883.60",-5.43%
28-Mar-20,"6,238.80","6,380.00","6,380.00","6,055.50",-2.21%
27-Mar-20,"6,380.00","6,727.00","6,850.00","6,302.50",-5.16%
26-Mar-20,"6,727.00","6,691.70","6,770.00","6,528.10",0.53%
25-Mar-20,"6,691.70","6,768.40","6,943.40","6,450.00",-1.13%
24-Mar-20,"6,768.40","6,472.90","6,826.80","6,390.50",4.57%
23-Mar-20,"6,472.90","5,886.70","6,584.40","5,712.50",9.96%
22-Mar-20,"5,886.70","6,177.30","6,394.30","5,800.00",-4.70%
21-Mar-20,"6,177.30","6,223.90","10,155.40","5,890.30",-0.75%
20-Mar-20,"6,223.90","6,159.90","6,971.80","5,706.80",1.04%
19-Mar-20,"6,159.90","5,388.20","6,391.10","5,267.60",14.32%
18-Mar-20,"5,388.20","5,352.50","5,442.30","5,016.10",0.67%
17-Mar-20,"5,352.50","5,025.50","5,571.30","4,944.60",6.51%
16-Mar-20,"5,025.50","5,388.20","5,418.50","4,456.20",-6.73%
15-Mar-20,"5,388.20","5,164.80","5,921.50","5,103.80",2.64%
14-Mar-20,"5,249.60","5,593.70","5,625.70","5,060.30",-6.15%
13-Mar-20,"5,593.70","4,931.70","5,938.80","3,772.40",13.42%
12-Mar-20,"4,931.70","7,940.90","7,960.80","4,454.50",-37.89%
11-Mar-20,"7,940.90","7,887.20","7,966.00","7,584.60",0.68%
10-Mar-20,"7,887.20","7,899.40","8,157.00","7,687.30",-0.15%
09-Mar-20,"7,899.40","8,020.50","8,268.90","7,600.00",-1.51%
08-Mar-20,"8,020.50","8,890.30","8,890.30","8,002.90",-9.78%
07-Mar-20,"8,890.30","9,120.00","9,207.30","8,829.90",-2.52%
06-Mar-20,"9,120.00","9,048.50","9,160.00","8,940.00",0.79%
05-Mar-20,"9,048.50","8,758.80","9,152.20","8,747.80",3.31%
04-Mar-20,"8,758.80","8,715.60","8,837.70","8,600.00",0.54%
03-Mar-20,"8,711.60","8,894.10","8,935.40","8,660.00",-2.05%
02-Mar-20,"8,894.10","8,553.10","8,990.80","8,495.80",3.99%
01-Mar-20,"8,553.10","8,545.00","8,728.60","8,417.00",0.10%
29-Feb-20,"8,545.00","8,686.40","8,794.40","8,545.00",-1.63%
28-Feb-20,"8,686.40","8,804.10","8,889.70","8,419.20",-1.34%
27-Feb-20,"8,804.10","8,788.20","9,014.30","8,531.50",0.18%
26-Feb-20,"8,788.20","9,328.20","9,378.50","8,623.10",-5.79%
25-Feb-20,"9,328.20","9,658.40","9,665.60","9,250.50",-3.42%
24-Feb-20,"9,658.40","9,945.90","9,977.20","9,484.00",-2.89%
23-Feb-20,"9,945.90","9,657.20","9,994.00","9,639.00",2.99%
22-Feb-20,"9,657.20","9,670.20","9,707.00","9,552.60",-0.14%
21-Feb-20,"9,670.50","9,603.20","9,762.50","9,562.20",0.70%
20-Feb-20,"9,603.20","9,595.30","9,679.20","9,415.60",0.08%
19-Feb-20,"9,595.30","10,157.20","10,245.80","9,352.40",-5.53%
18-Feb-20,"10,157.20","9,694.80","10,232.70","9,595.30",4.77%
17-Feb-20,"9,694.80","9,930.50","9,948.30","9,450.00",-2.37%
16-Feb-20,"9,930.50","9,914.50","10,046.70","9,651.00",0.16%
15-Feb-20,"9,914.50","10,349.00","10,357.50","9,815.00",-4.20%
14-Feb-20,"10,349.50","10,218.90","10,395.00","10,082.00",1.28%
13-Feb-20,"10,218.90","10,320.20","10,483.80","10,098.00",-0.98%
12-Feb-20,"10,320.20","10,217.50","10,400.00","10,043.60",1.01%
11-Feb-20,"10,217.50","9,845.00","10,300.00","9,720.00",3.78%
10-Feb-20,"9,845.00","10,144.70","10,186.00","9,701.40",-2.95%
09-Feb-20,"10,144.70","9,896.60","10,150.00","9,807.70",2.51%
08-Feb-20,"9,896.60","9,811.60","9,936.30","9,651.40",0.87%
07-Feb-20,"9,811.60","9,759.50","9,900.00","9,616.30",0.53%
06-Feb-20,"9,759.50","9,598.70","9,843.10","9,500.50",1.68%
05-Feb-20,"9,598.70","9,203.80","9,740.30","9,172.00",4.29%
04-Feb-20,"9,203.80","9,288.60","9,343.00","9,067.00",-0.91%
03-Feb-20,"9,288.60","9,343.90","9,591.20","9,245.60",-0.59%
02-Feb-20,"9,343.90","9,399.40","9,475.40","9,191.60",-0.59%
01-Feb-20,"9,399.40","9,327.80","9,450.70","9,301.80",0.77%
31-Jan-20,"9,327.80","9,515.80","9,534.90","9,221.10",-1.98%
30-Jan-20,"9,515.80","9,283.70","9,582.20","9,200.00",2.50%
29-Jan-20,"9,283.70","9,387.10","9,425.40","9,201.40",-1.10%
28-Jan-20,"9,387.10","8,897.40","9,392.70","8,897.40",5.50%
27-Jan-20,"8,897.40","8,605.00","9,004.00","8,383.90",3.40%
26-Jan-20,"8,605.00","8,360.80","8,611.30","8,306.70",2.92%
25-Jan-20,"8,360.80","8,446.50","8,449.10","8,269.10",-1.02%
24-Jan-20,"8,446.50","8,389.40","8,525.30","8,235.80",0.68%
23-Jan-20,"8,389.40","8,690.00","8,695.00","8,300.50",-3.46%
22-Jan-20,"8,690.00","8,722.20","8,816.90","8,608.60",-0.37%
21-Jan-20,"8,722.20","8,640.10","8,780.00","8,510.70",0.95%
20-Jan-20,"8,640.10","8,701.20","8,734.00","8,525.60",-0.70%
19-Jan-20,"8,701.20","8,902.60","9,190.00","8,504.70",-2.26%
18-Jan-20,"8,902.60","8,912.20","8,970.00","8,793.00",-0.11%
17-Jan-20,"8,912.20","8,705.60","9,001.60","8,670.00",2.11%
16-Jan-20,"8,727.90","8,824.90","8,859.00","8,598.50",-1.10%
15-Jan-20,"8,824.90","8,836.90","8,908.70","8,596.90",-0.14%
14-Jan-20,"8,836.90","8,116.10","8,859.50","8,112.50",8.88%
13-Jan-20,"8,116.10","8,176.80","8,184.90","7,991.80",-0.74%
12-Jan-20,"8,176.80","8,036.50","8,176.80","7,953.80",1.75%
11-Jan-20,"8,036.50","8,179.20","8,275.90","8,006.10",-1.74%
10-Jan-20,"8,179.20","7,832.40","8,179.20","7,692.80",4.43%
09-Jan-20,"7,832.40","8,041.40","8,043.10","7,762.90",-2.60%
08-Jan-20,"8,041.40","8,185.70","8,475.00","7,878.20",-1.76%
07-Jan-20,"8,185.70","7,764.60","8,186.90","7,740.80",5.42%
06-Jan-20,"7,764.60","7,359.40","7,784.30","7,353.20",5.51%
05-Jan-20,"7,359.40","7,359.90","7,488.00","7,326.20",-0.01%
04-Jan-20,"7,359.90","7,338.10","7,398.10","7,260.10",0.30%
03-Jan-20,"7,338.10","6,957.00","7,400.20","6,884.50",5.48%
02-Jan-20,"6,957.00","7,204.50","7,221.40","6,939.50",-3.44%
01-Jan-20,"7,204.50","7,185.70","7,257.80","7,166.30",0.26%
31-Dec-19,"7,185.70","7,249.20","7,335.00","7,159.20",-0.78%
30-Dec-19,"7,242.20","7,415.20","7,415.20","7,219.00",-2.33%
29-Dec-19,"7,415.20","7,307.20","7,514.50","7,271.80",1.48%
28-Dec-19,"7,307.20","7,244.40","7,365.10","7,231.40",0.87%
27-Dec-19,"7,244.40","7,214.20","7,258.80","7,100.30",0.42%
26-Dec-19,"7,214.20","7,208.30","7,427.10","7,098.50",0.23%
25-Dec-19,"7,197.40","7,248.90","7,279.50","7,121.80",-0.71%
24-Dec-19,"7,248.90","7,323.70","7,418.00","7,150.10",-1.02%
23-Dec-19,"7,323.70","7,508.00","7,692.80","7,271.80",-2.46%
22-Dec-19,"7,508.00","7,124.50","7,523.10","7,100.00",5.38%
21-Dec-19,"7,124.50","7,197.60","7,197.60","7,107.70",-1.01%
20-Dec-19,"7,197.60","7,153.70","7,222.70","7,074.00",0.61%
19-Dec-19,"7,153.70","7,285.90","7,350.50","7,040.70",-1.81%
18-Dec-19,"7,285.90","6,620.60","7,410.10","6,440.00",10.00%
17-Dec-19,"6,623.60","6,906.90","6,959.90","6,577.80",-4.10%
16-Dec-19,"6,906.90","7,104.60","7,142.80","6,853.80",-2.78%
15-Dec-19,"7,104.60","7,062.60","7,179.80","7,022.50",0.59%
14-Dec-19,"7,062.60","7,265.90","7,281.80","7,030.10",-2.80%
13-Dec-19,"7,265.90","7,185.80","7,296.30","7,177.10",1.11%
12-Dec-19,"7,185.80","7,199.00","7,279.40","7,090.00",-0.15%
11-Dec-19,"7,196.40","7,234.10","7,271.60","7,143.80",-0.52%
10-Dec-19,"7,234.10","7,353.60","7,391.80","7,174.10",-1.63%
09-Dec-19,"7,353.60","7,500.20","7,640.00","7,260.10",-1.95%
08-Dec-19,"7,500.20","7,479.10","7,547.60","7,378.50",0.28%
07-Dec-19,"7,479.10","7,526.70","7,595.60","7,448.90",-0.63%
06-Dec-19,"7,526.70","7,387.10","7,591.50","7,320.20",1.89%
05-Dec-19,"7,387.10","7,182.50","7,469.60","7,153.60",2.85%
04-Dec-19,"7,182.50","7,298.60","7,724.60","7,086.30",-1.59%
03-Dec-19,"7,298.60","7,285.30","7,432.60","7,238.60",0.18%
02-Dec-19,"7,285.30","7,378.70","7,421.90","7,167.20",-1.27%
01-Dec-19,"7,378.70","7,541.20","7,543.30","7,231.90",-2.15%
30-Nov-19,"7,541.20","7,728.30","7,784.30","7,454.20",-2.42%
29-Nov-19,"7,728.30","7,425.50","7,828.30","7,379.70",4.08%
28-Nov-19,"7,425.50","7,502.30","7,632.30","7,374.60",-1.02%
27-Nov-19,"7,502.30","7,156.80","7,634.70","6,858.10",4.80%
26-Nov-19,"7,158.50","7,110.30","7,340.30","7,033.00",0.68%
25-Nov-19,"7,110.30","6,908.90","7,355.00","6,515.90",2.92%
24-Nov-19,"6,908.90","7,311.30","7,327.50","6,879.70",-5.50%
23-Nov-19,"7,311.30","7,273.70","7,338.10","7,088.30",0.52%
22-Nov-19,"7,273.70","7,613.80","7,725.00","6,786.40",-4.47%
21-Nov-19,"7,613.80","8,087.60","8,130.90","7,516.00",-5.86%
20-Nov-19,"8,087.60","8,120.30","8,219.70","8,050.00",-0.40%
19-Nov-19,"8,120.30","8,185.60","8,209.90","8,021.60",-0.80%
18-Nov-19,"8,185.60","8,489.60","8,504.60","8,081.30",-3.58%
17-Nov-19,"8,489.60","8,500.00","8,622.00","8,381.70",-0.12%
16-Nov-19,"8,500.00","8,482.10","8,526.00","8,417.80",0.21%
15-Nov-19,"8,482.10","8,655.00","8,771.40","8,400.00",-2.00%
14-Nov-19,"8,655.00","8,780.50","8,797.80","8,594.60",-1.43%
13-Nov-19,"8,780.50","8,804.50","8,834.30","8,700.50",-0.27%
12-Nov-19,"8,804.50","8,733.70","8,870.00","8,597.20",0.81%
11-Nov-19,"8,733.70","9,049.60","9,071.20","8,628.00",-3.49%
10-Nov-19,"9,049.60","8,795.80","9,111.70","8,765.30",2.88%
09-Nov-19,"8,795.80","8,774.50","8,924.60","8,738.50",0.24%
08-Nov-19,"8,774.50","9,206.80","9,254.90","8,696.70",-4.69%
07-Nov-19,"9,206.80","9,323.40","9,360.40","9,113.70",-1.25%
06-Nov-19,"9,323.40","9,298.40","9,419.00","9,255.00",0.27%
05-Nov-19,"9,298.40","9,401.50","9,457.00","9,180.10",-1.13%
04-Nov-19,"9,404.60","9,193.20","9,500.00","9,124.40",2.30%
03-Nov-19,"9,193.20","9,295.80","9,347.70","9,091.30",-1.11%
02-Nov-19,"9,296.40","9,232.00","9,352.70","9,187.90",0.70%
01-Nov-19,"9,232.00","9,140.50","9,272.90","9,041.50",1.00%
31-Oct-19,"9,140.50","9,164.50","9,382.20","8,949.40",-0.26%
30-Oct-19,"9,164.50","9,408.10","9,423.50","9,019.00",-2.59%
29-Oct-19,"9,408.10","9,217.90","9,525.80","9,096.40",2.06%
28-Oct-19,"9,217.90","9,526.30","9,918.10","9,198.70",-3.19%
27-Oct-19,"9,522.10","9,212.30","9,763.10","9,078.50",3.36%
26-Oct-19,"9,212.30","8,657.70","10,330.40","8,557.30",6.41%
25-Oct-19,"8,657.70","7,429.50","8,759.40","7,386.40",16.53%
24-Oct-19,"7,429.50","7,465.60","7,501.10","7,346.70",-0.48%
23-Oct-19,"7,465.60","8,012.70","8,200.00","7,300.00",-6.83%
22-Oct-19,"8,012.70","8,201.30","8,286.00","8,003.10",-2.30%
21-Oct-19,"8,201.30","8,201.30","8,307.00","8,156.00",0.00%
20-Oct-19,"8,201.30","7,944.70","8,283.00","7,881.40",3.23%
19-Oct-19,"7,944.70","7,945.20","8,070.60","7,874.30",-0.01%
18-Oct-19,"7,945.20","8,060.60","8,104.50","7,830.70",-1.62%
17-Oct-19,"8,076.30","8,003.60","8,116.20","7,934.30",0.91%
16-Oct-19,"8,003.60","8,170.70","8,177.00","7,466.10",-2.05%
15-Oct-19,"8,170.70","8,339.30","8,392.80","8,113.50",-2.02%
14-Oct-19,"8,339.30","8,283.30","8,387.90","8,228.70",0.68%
13-Oct-19,"8,283.30","8,311.40","8,456.60","8,180.30",-0.34%
12-Oct-19,"8,311.40","8,257.50","8,406.40","8,252.30",0.65%
11-Oct-19,"8,257.50","8,549.90","8,787.10","8,245.40",-3.42%
10-Oct-19,"8,549.90","8,565.10","8,651.40","8,415.70",-0.18%
09-Oct-19,"8,565.10","8,172.20","8,658.20","8,112.10",4.81%
08-Oct-19,"8,172.20","8,184.30","8,320.40","8,109.20",-0.15%
07-Oct-19,"8,184.30","7,846.90","8,291.60","7,782.80",4.05%
06-Oct-19,"7,866.00","8,137.60","8,141.60","7,806.10",-3.34%
05-Oct-19,"8,137.60","8,149.10","8,180.90","8,015.20",-0.14%
04-Oct-19,"8,149.10","8,216.20","8,234.30","8,024.40",-0.81%
03-Oct-19,"8,215.30","8,353.50","8,390.10","8,072.90",-1.65%
02-Oct-19,"8,353.50","8,296.60","8,361.10","7,906.70",0.68%
01-Oct-19,"8,296.60","8,273.90","8,494.10","8,179.40",0.27%
30-Sep-19,"8,273.90","8,053.10","8,310.00","7,731.30",2.77%
29-Sep-19,"8,050.70","8,213.80","8,217.60","7,908.80",-1.99%
28-Sep-19,"8,213.80","8,187.40","8,324.90","8,024.10",0.32%
27-Sep-19,"8,187.40","8,056.60","8,237.60","7,871.10",1.62%
26-Sep-19,"8,056.60","8,435.00","8,462.10","7,756.30",-4.49%
25-Sep-19,"8,435.00","8,518.60","8,714.20","8,232.90",-0.98%
24-Sep-19,"8,518.60","9,682.70","9,823.40","7,855.90",-12.02%
23-Sep-19,"9,682.70","10,014.10","10,050.80","9,646.50",-3.31%
22-Sep-19,"10,014.10","9,999.70","10,069.50","9,857.10",0.14%
21-Sep-19,"9,999.70","10,160.80","10,181.50","9,931.30",-1.59%
20-Sep-19,"10,160.80","10,245.40","10,270.80","10,083.90",-0.83%
19-Sep-19,"10,245.40","10,167.70","10,303.80","9,683.00",0.76%
18-Sep-19,"10,167.70","10,197.60","10,238.60","10,095.90",-0.29%
17-Sep-19,"10,197.60","10,239.80","10,283.00","10,133.10",-0.41%
16-Sep-19,"10,239.80","10,285.20","10,354.80","10,096.50",-0.44%
15-Sep-19,"10,285.20","10,333.20","10,373.00","10,260.00",-0.46%
14-Sep-19,"10,333.20","10,329.30","10,418.50","9,994.20",0.04%
13-Sep-19,"10,329.30","10,392.20","10,416.90","10,144.40",-0.61%
12-Sep-19,"10,392.20","10,150.40","10,437.90","10,037.40",2.38%
11-Sep-19,"10,150.40","10,083.80","10,303.00","9,888.00",0.66%
10-Sep-19,"10,083.80","10,302.10","10,384.90","9,960.50",-2.12%
09-Sep-19,"10,302.10","10,389.60","10,490.40","10,100.00",-0.84%
08-Sep-19,"10,389.60","10,466.10","10,563.50","10,229.90",-0.73%
07-Sep-19,"10,466.10","10,321.70","10,566.60","10,292.70",1.40%
06-Sep-19,"10,321.70","10,563.10","10,880.00","10,184.00",-2.29%
05-Sep-19,"10,563.10","10,549.40","10,638.00","10,472.00",0.15%
04-Sep-19,"10,547.20","10,612.50","10,782.60","10,380.00",-0.61%
03-Sep-19,"10,612.50","10,345.80","10,740.00","10,244.80",2.69%
02-Sep-19,"10,334.40","9,731.40","10,425.00","9,704.30",6.20%
01-Sep-19,"9,731.40","9,597.50","9,796.00","9,524.60",1.39%
31-Aug-19,"9,597.50","9,572.10","9,665.60","9,450.00",0.27%
30-Aug-19,"9,572.10","9,489.50","9,669.90","9,370.00",0.87%
29-Aug-19,"9,489.50","9,717.90","9,740.00","9,341.70",-2.35%
28-Aug-19,"9,717.90","10,198.90","10,268.30","9,500.00",-4.72%
27-Aug-19,"10,198.90","10,378.80","10,390.60","10,077.00",-1.73%
26-Aug-19,"10,378.80","10,132.30","10,574.00","10,129.70",2.43%
25-Aug-19,"10,132.30","10,132.00","10,310.00","9,924.60",0.00%
24-Aug-19,"10,131.90","10,374.40","10,406.00","9,900.00",-2.52%
23-Aug-19,"10,394.40","10,129.00","11,097.00","10,031.60",2.62%
22-Aug-19,"10,129.00","10,152.70","10,250.00","9,786.70",-0.23%
21-Aug-19,"10,152.70","10,740.20","10,792.50","9,894.60",-5.47%
20-Aug-19,"10,740.20","10,917.40","10,936.50","10,562.10",-1.62%
19-Aug-19,"10,917.40","10,326.00","10,917.40","10,265.10",5.73%
18-Aug-19,"10,326.00","10,220.00","10,492.00","10,081.00",1.04%
17-Aug-19,"10,220.00","10,351.00","10,452.00","10,020.00",-1.27%
16-Aug-19,"10,351.00","10,290.60","10,519.70","9,782.30",0.59%
15-Aug-19,"10,290.60","10,032.60","10,446.60","9,619.60",2.57%
14-Aug-19,"10,032.60","10,896.60","10,896.60","9,969.60",-7.93%
13-Aug-19,"10,896.60","11,388.00","11,444.00","10,818.20",-4.35%
12-Aug-19,"11,392.60","11,525.00","11,537.60","11,267.00",-1.15%
11-Aug-19,"11,525.00","11,326.90","11,578.90","11,141.00",1.75%
10-Aug-19,"11,326.90","11,889.20","11,956.90","11,277.10",-4.63%
09-Aug-19,"11,876.80","11,999.10","12,004.90","11,473.00",-0.83%
08-Aug-19,"11,976.30","11,860.80","12,000.00","11,416.00",0.87%
07-Aug-19,"11,873.10","11,445.00","12,046.60","10,750.00",3.74%
06-Aug-19,"11,445.00","11,793.20","12,217.40","11,240.00",-2.92%
05-Aug-19,"11,789.50","10,893.10","11,801.10","10,885.00",8.23%
04-Aug-19,"10,893.10","10,798.00","11,000.00","10,553.90",0.88%
03-Aug-19,"10,798.00","10,499.30","10,894.00","10,432.00",2.96%
02-Aug-19,"10,487.50","10,387.60","10,644.30","10,307.40",0.96%
01-Aug-19,"10,387.60","10,081.40","10,471.00","9,883.00",3.04%
31-Jul-19,"10,081.40","9,573.10","10,087.00","9,553.60",5.31%
30-Jul-19,"9,573.10","9,498.80","9,716.40","9,388.30",0.78%
29-Jul-19,"9,498.80","9,535.10","9,703.90","9,426.10",-0.38%
28-Jul-19,"9,535.10","9,481.10","9,597.20","9,188.50",0.57%
27-Jul-19,"9,481.10","9,840.50","10,189.40","9,367.20",-3.65%
26-Jul-19,"9,840.50","9,895.10","9,895.10","9,650.90",-0.55%
25-Jul-19,"9,895.10","9,773.50","10,156.70","9,737.70",1.24%
24-Jul-19,"9,773.50","9,870.20","9,936.20","9,566.30",-0.98%
23-Jul-19,"9,870.20","10,295.00","10,330.90","9,849.60",-4.13%
22-Jul-19,"10,295.00","10,625.90","10,685.50","10,118.50",-3.11%
21-Jul-19,"10,625.90","10,745.40","10,802.40","10,318.50",-1.11%
20-Jul-19,"10,745.40","10,504.80","11,073.00","10,383.00",2.29%
19-Jul-19,"10,504.80","10,627.30","10,747.80","10,140.70",-1.15%
18-Jul-19,"10,627.30","9,658.80","10,752.00","9,304.30",10.03%
17-Jul-19,"9,658.80","9,398.10","9,926.00","9,058.70",2.77%
16-Jul-19,"9,398.10","10,851.10","11,000.00","9,356.50",-13.39%
15-Jul-19,"10,851.10","10,172.80","11,051.60","9,876.50",6.67%
14-Jul-19,"10,172.80","11,384.70","11,439.50","10,095.00",-10.65%
13-Jul-19,"11,384.70","11,755.50","11,807.10","10,854.00",-3.15%
12-Jul-19,"11,755.50","11,346.30","11,872.90","11,096.60",3.61%
11-Jul-19,"11,346.30","12,125.20","12,125.20","11,050.00",-6.42%
10-Jul-19,"12,125.20","12,542.00","13,105.10","11,596.00",-3.32%
09-Jul-19,"12,542.00","12,254.10","12,749.50","12,053.00",2.35%
08-Jul-19,"12,254.10","11,416.70","12,333.00","11,309.00",7.33%
07-Jul-19,"11,416.70","11,237.00","11,501.00","11,103.00",1.60%
06-Jul-19,"11,237.00","10,942.50","11,632.00","10,942.50",2.69%
05-Jul-19,"10,942.50","11,174.40","11,598.00","10,823.00",-2.07%
04-Jul-19,"11,174.40","11,935.00","11,980.00","11,095.40",-6.37%
03-Jul-19,"11,935.00","10,815.00","11,962.00","10,815.00",10.36%
02-Jul-19,"10,815.00","10,632.70","10,905.10","9,711.90",1.71%
01-Jul-19,"10,632.70","10,793.00","11,254.00","10,062.10",-1.49%
30-Jun-19,"10,793.00","11,898.80","12,152.10","10,790.60",-9.29%
29-Jun-19,"11,898.80","12,377.00","12,427.00","11,527.00",-3.86%
28-Jun-19,"12,377.00","11,318.00","12,461.80","11,034.70",9.36%
27-Jun-19,"11,318.00","13,111.80","13,439.00","10,526.00",-13.68%
26-Jun-19,"13,111.80","11,816.00","14,000.00","11,769.40",10.97%
25-Jun-19,"11,816.00","11,030.40","11,818.90","11,030.40",7.12%
24-Jun-19,"11,030.40","10,888.00","11,113.80","10,642.40",1.31%
23-Jun-19,"10,888.00","10,751.50","11,356.70","10,562.30",1.27%
22-Jun-19,"10,751.50","10,146.00","11,145.00","9,979.50",5.97%
21-Jun-19,"10,146.00","9,515.60","10,146.00","9,515.60",6.62%
20-Jun-19,"9,515.60","9,258.80","9,595.40","9,173.50",2.77%
19-Jun-19,"9,258.80","9,063.50","9,278.20","9,049.20",2.15%
18-Jun-19,"9,063.50","9,306.20","9,306.20","8,955.80",-2.61%
17-Jun-19,"9,306.20","8,935.20","9,413.40","8,935.20",4.15%
16-Jun-19,"8,935.20","8,794.60","9,411.50","8,770.20",1.60%
15-Jun-19,"8,794.60","8,654.70","8,836.60","8,572.80",1.62%
14-Jun-19,"8,654.70","8,193.00","8,665.30","8,154.70",5.63%
13-Jun-19,"8,193.00","8,125.60","8,300.00","8,026.30",0.83%
12-Jun-19,"8,125.60","7,890.70","8,217.00","7,807.50",2.98%
11-Jun-19,"7,890.70","7,980.50","8,012.80","7,715.20",-0.97%
10-Jun-19,"7,968.10","7,651.00","8,050.00","7,536.10",4.14%
09-Jun-19,"7,651.00","7,895.10","7,946.40","7,510.00",-3.09%
08-Jun-19,"7,895.10","7,995.40","8,014.80","7,768.30",-1.26%
07-Jun-19,"7,995.40","7,760.70","8,088.00","7,733.00",3.02%
06-Jun-19,"7,760.70","7,790.60","7,853.30","7,471.30",-0.38%
05-Jun-19,"7,790.60","7,678.80","8,000.00","7,587.60",1.46%
04-Jun-19,"7,678.80","8,136.00","8,136.00","7,498.00",-5.62%
03-Jun-19,"8,136.00","8,722.10","8,722.10","8,103.30",-6.72%
02-Jun-19,"8,722.10","8,546.50","8,805.30","8,526.50",2.06%
01-Jun-19,"8,546.50","8,548.90","8,634.70","8,448.40",-0.03%
31-May-19,"8,548.90","8,283.80","8,589.10","8,127.40",3.20%
30-May-19,"8,283.80","8,659.10","9,049.10","8,034.90",-4.33%
29-May-19,"8,659.10","8,722.60","8,754.10","8,434.00",-0.73%
28-May-19,"8,722.60","8,756.90","8,800.00","8,563.20",-0.39%
27-May-19,"8,756.90","8,658.00","8,900.00","8,584.00",1.14%
26-May-19,"8,658.00","8,017.50","8,713.90","7,865.50",7.99%
25-May-19,"8,017.50","7,958.30","8,082.10","7,904.60",0.74%
24-May-19,"7,958.30","7,826.50","8,133.70","7,781.00",1.68%
23-May-19,"7,826.50","7,654.70","7,923.70","7,482.20",2.24%
22-May-19,"7,654.70","7,911.90","8,030.00","7,493.70",-3.25%
21-May-19,"7,911.90","7,947.40","8,035.20","7,781.00",-0.45%
20-May-19,"7,947.40","8,159.30","8,159.30","7,566.50",-2.60%
19-May-19,"8,159.30","7,267.00","8,254.70","7,255.70",12.28%
18-May-19,"7,267.00","7,363.40","7,430.20","7,195.10",-1.31%
17-May-19,"7,363.40","7,857.50","7,923.70","6,932.50",-6.29%
16-May-19,"7,857.50","8,141.90","8,321.10","7,700.00",-3.49%
15-May-19,"8,141.90","7,966.10","8,240.00","7,835.40",2.14%
14-May-19,"7,971.20","7,803.80","8,290.00","7,627.80",2.15%
13-May-19,"7,803.80","6,967.40","30,000.00","6,210.30",12.00%
12-May-19,"6,967.40","7,115.00","7,547.40","6,784.70",-2.08%
11-May-19,"7,115.00","6,380.60","7,347.50","6,366.50",11.51%
10-May-19,"6,380.60","6,203.60","6,499.00","6,167.90",2.85%
09-May-19,"6,203.60","5,983.00","6,212.70","5,983.00",3.69%
08-May-19,"5,983.00","5,855.30","6,018.60","5,813.40",2.18%
07-May-19,"5,855.30","5,782.90","6,007.70","5,758.70",1.25%
06-May-19,"5,782.90","5,775.90","5,815.00","5,641.40",0.12%
05-May-19,"5,775.90","5,823.20","5,837.70","5,704.90",-0.81%
04-May-19,"5,823.20","5,766.30","5,902.10","5,608.80",0.99%
03-May-19,"5,766.30","5,500.60","5,847.30","5,477.20",4.91%
02-May-19,"5,496.70","5,384.00","5,525.40","5,365.50",2.09%
01-May-19,"5,384.00","5,315.60","5,388.30","5,312.60",1.29%
30-Apr-19,"5,315.60","5,236.00","5,337.00","5,198.00",1.52%
29-Apr-19,"5,236.00","5,316.40","5,342.00","5,196.20",-1.51%
28-Apr-19,"5,316.40","5,294.60","5,342.00","5,260.90",0.41%
27-Apr-19,"5,294.60","5,303.90","5,339.60","5,252.60",-0.18%
26-Apr-19,"5,303.90","5,208.00","5,508.90","5,164.20",1.84%
25-Apr-19,"5,208.00","5,394.00","5,486.20","5,088.70",-3.45%
24-Apr-19,"5,394.00","5,511.20","5,583.50","5,349.50",-2.13%
23-Apr-19,"5,511.20","5,363.00","5,590.40","5,337.00",2.76%
22-Apr-19,"5,363.00","5,267.10","5,402.10","5,220.90",1.82%
21-Apr-19,"5,267.10","5,296.60","5,317.70","5,182.10",-0.56%
20-Apr-19,"5,296.60","5,259.10","5,323.00","5,242.90",0.71%
19-Apr-19,"5,259.10","5,244.70","5,323.50","5,100.00",0.27%
18-Apr-19,"5,244.70","5,206.80","5,279.50","5,191.90",0.73%
17-Apr-19,"5,206.80","5,160.70","5,220.80","5,144.20",0.89%
16-Apr-19,"5,160.70","5,042.10","5,182.10","5,009.30",2.35%
15-Apr-19,"5,042.10","5,129.60","5,165.80","4,958.60",-1.71%
14-Apr-19,"5,129.60","5,060.00","5,143.10","5,005.00",1.37%
13-Apr-19,"5,060.00","5,058.50","5,106.50","5,007.00",0.03%
12-Apr-19,"5,058.50","5,033.20","5,074.90","4,878.00",0.50%
11-Apr-19,"5,033.20","5,274.90","5,342.00","4,946.70",-4.58%
10-Apr-19,"5,274.90","5,135.60","5,398.10","5,129.80",2.71%
09-Apr-19,"5,135.60","5,219.50","5,227.40","5,087.00",-1.61%
08-Apr-19,"5,219.50","5,149.50","5,289.90","5,058.60",1.36%
07-Apr-19,"5,149.50","5,030.40","5,209.30","5,014.00",1.99%
06-Apr-19,"5,048.80","4,996.50","5,180.20","4,932.90",1.05%
05-Apr-19,"4,996.50","4,837.30","5,037.40","4,700.00",3.29%
04-Apr-19,"4,837.30","4,940.10","5,042.10","4,810.30",-1.82%
03-Apr-19,"4,926.80","4,860.10","5,267.90","4,368.90",1.37%
02-Apr-19,"4,860.10","4,138.10","4,884.80","4,130.90",17.45%
01-Apr-19,"4,138.10","4,097.50","4,165.20","4,059.50",0.99%
31-Mar-19,"4,097.50","4,097.00","4,124.30","4,073.00",0.01%
30-Mar-19,"4,097.00","4,103.10","4,139.00","4,050.80",-0.15%
29-Mar-19,"4,103.10","4,010.40","4,109.60","4,005.00",2.31%
28-Mar-19,"4,010.40","4,027.40","4,039.00","4,005.00",-0.42%
27-Mar-19,"4,027.40","3,937.40","4,039.00","3,930.50",2.28%
26-Mar-19,"3,937.40","3,937.60","3,959.00","3,900.60",0.00%
25-Mar-19,"3,937.60","3,981.90","4,012.60","3,892.70",-1.11%
24-Mar-19,"3,981.90","3,990.40","4,016.50","3,966.30",-0.21%
23-Mar-19,"3,990.40","3,997.00","4,016.50","3,966.30",-0.17%
22-Mar-19,"3,997.00","3,998.80","4,016.50","3,969.40",-0.04%
21-Mar-19,"3,998.80","4,036.20","4,061.70","3,909.70",-0.93%
20-Mar-19,"4,036.20","3,992.50","4,145.90","3,980.60",1.10%
19-Mar-19,"3,992.50","3,992.60","4,028.00","3,962.60",0.00%
18-Mar-19,"3,992.60","3,986.50","4,027.70","3,958.70",0.15%
17-Mar-19,"3,986.50","4,018.50","4,018.50","3,945.60",-0.54%
16-Mar-19,"4,008.30","3,907.60","4,042.30","3,907.60",2.58%
15-Mar-19,"3,907.60","3,865.00","3,944.80","3,840.20",1.10%
14-Mar-19,"3,865.00","3,878.50","3,905.70","3,653.50",-0.35%
13-Mar-19,"3,878.50","3,879.50","3,892.10","3,843.90",-0.03%
12-Mar-19,"3,879.50","3,859.70","3,902.00","3,813.60",0.51%
11-Mar-19,"3,859.70","3,909.50","4,000.00","3,825.50",-1.27%
10-Mar-19,"3,909.50","3,931.40","3,938.60","3,889.40",-0.56%
09-Mar-19,"3,931.40","3,862.30","3,955.40","3,858.40",1.79%
08-Mar-19,"3,862.30","3,888.60","3,920.70","3,793.40",-0.68%
07-Mar-19,"3,888.60","3,852.00","4,286.00","3,835.40",0.95%
06-Mar-19,"3,852.00","3,847.20","3,891.50","3,814.00",0.13%
05-Mar-19,"3,847.20","3,710.80","3,865.00","3,701.70",3.68%
04-Mar-19,"3,710.80","3,797.80","3,819.30","3,675.10",-2.29%
03-Mar-19,"3,797.80","3,813.70","3,839.00","3,792.70",-0.42%
02-Mar-19,"3,813.70","3,847.20","3,847.80","3,782.20",-0.87%
01-Mar-19,"3,847.20","3,817.80","3,931.30","3,814.00",0.77%
28-Feb-19,"3,817.80","3,802.50","3,879.00","3,775.20",0.40%
27-Feb-19,"3,802.50","3,810.50","3,843.10","3,695.80",-0.21%
26-Feb-19,"3,810.50","3,834.30","3,859.50","3,782.20",-0.62%
25-Feb-19,"3,834.30","3,746.90","3,884.00","3,745.40",2.33%
24-Feb-19,"3,746.90","4,095.20","4,181.40","3,719.20",-8.50%
23-Feb-19,"4,095.20","3,962.80","4,138.70","3,943.50",3.34%
22-Feb-19,"3,962.80","3,922.20","3,984.50","3,922.20",1.04%
21-Feb-19,"3,922.20","3,967.80","4,005.30","3,912.00",-1.15%
20-Feb-19,"3,967.80","3,923.10","3,982.80","3,876.30",1.14%
19-Feb-19,"3,923.10","3,862.30","3,994.10","3,856.90",1.58%
18-Feb-19,"3,862.30","3,661.90","3,909.60","3,643.00",5.47%
17-Feb-19,"3,661.90","3,635.40","3,703.70","3,613.90",0.73%
16-Feb-19,"3,635.40","3,614.30","3,652.20","3,589.00",0.58%
15-Feb-19,"3,614.30","3,596.60","3,644.90","3,582.40",0.49%
14-Feb-19,"3,596.60","3,621.50","3,631.90","3,576.80",-0.69%
13-Feb-19,"3,621.50","3,638.20","3,657.60","3,586.50",-0.46%
12-Feb-19,"3,638.20","3,638.90","3,655.30","3,586.50",-0.02%
11-Feb-19,"3,638.90","3,661.70","3,661.70","3,610.00",-0.62%
10-Feb-19,"3,661.70","3,652.20","3,672.70","3,606.60",0.26%
09-Feb-19,"3,652.20","3,645.50","3,662.50","3,616.70",0.18%
08-Feb-19,"3,645.50","3,415.20","3,705.00","3,377.30",6.74%
07-Feb-19,"3,415.20","3,405.50","3,434.30","3,376.20",0.29%
06-Feb-19,"3,405.50","3,460.90","3,473.00","3,391.40",-1.60%
05-Feb-19,"3,460.90","3,457.20","3,482.70","3,440.00",0.11%
04-Feb-19,"3,457.20","3,456.90","3,482.70","3,421.20",0.01%
03-Feb-19,"3,456.90","3,496.00","3,509.00","3,436.00",-1.12%
02-Feb-19,"3,496.00","3,458.40","3,510.10","3,429.60",1.09%
01-Feb-19,"3,458.40","3,427.10","3,487.70","3,388.90",0.91%
31-Jan-19,"3,427.10","3,444.00","3,463.30","3,022.70",-0.49%
30-Jan-19,"3,444.00","3,399.70","3,473.00","3,092.00",1.30%
29-Jan-19,"3,399.70","3,426.30","3,434.30","3,099.40",-0.78%
28-Jan-19,"3,426.30","3,529.60","3,541.60","3,381.90",-2.93%
27-Jan-19,"3,529.60","3,562.40","3,562.40","2,907.20",-0.92%
26-Jan-19,"3,562.40","3,559.60","3,631.90","3,538.00",0.08%
25-Jan-19,"3,559.60","3,548.90","3,586.40",486,0.30%
24-Jan-19,"3,548.90","3,557.20","3,571.50","3,222.00",-0.23%
23-Jan-19,"3,557.20","3,586.90","4,840.00","3,146.70",-0.83%
22-Jan-19,"3,586.90","3,522.40","3,606.30","3,435.80",1.83%
21-Jan-19,"3,522.40","3,558.90","3,571.50","3,500.00",-1.03%
20-Jan-19,"3,558.90","3,660.40","3,693.30","3,500.00",-2.74%
19-Jan-19,"3,659.30","3,597.90","3,725.60","3,593.30",1.71%
18-Jan-19,"3,597.90","3,619.00","3,621.70","3,576.50",-0.58%
17-Jan-19,"3,619.00","3,597.30","3,628.70","3,562.70",0.60%
16-Jan-19,"3,597.30","3,560.90","3,642.00","3,546.60",1.02%
15-Jan-19,"3,560.90","3,641.70","3,662.50","3,536.00",-2.06%
14-Jan-19,"3,636.00","3,477.80","3,674.00","3,477.80",4.55%
13-Jan-19,"3,477.80","3,611.60","3,621.70","3,468.10",-3.70%
12-Jan-19,"3,611.60","3,606.60","3,637.10","3,557.30",0.14%
11-Jan-19,"3,606.60","3,601.50","3,645.60","3,536.70",0.14%
10-Jan-19,"3,601.50","3,982.90","3,994.10","3,546.60",-9.58%
09-Jan-19,"3,982.90","3,971.30","4,016.50","3,942.20",0.29%
08-Jan-19,"3,971.30","3,960.70","4,052.60","3,921.40",0.27%
07-Jan-19,"3,960.70","4,016.50","4,024.90","3,928.60",-1.39%
06-Jan-19,"4,016.50","3,798.00","4,039.00","3,760.10",5.75%
05-Jan-19,"3,798.00","3,808.70","3,844.90","3,771.60",-0.28%
04-Jan-19,"3,808.70","3,765.60","3,840.80","3,728.30",1.14%
03-Jan-19,"3,765.60","3,867.70","3,867.70","3,723.60",-2.64%
02-Jan-19,"3,867.70","3,814.80","3,886.90","3,750.60",1.39%
01-Jan-19,"3,814.80","3,693.30","3,814.80","3,657.40",3.29%
31-Dec-18,"3,693.30","3,808.70","3,808.70","3,657.40",-3.03%
30-Dec-18,"3,808.70","3,688.20","3,830.00","3,677.90",3.27%
29-Dec-18,"3,688.20","3,830.00","3,873.10","3,688.20",-3.70%
28-Dec-18,"3,830.00","3,556.50","3,865.50","3,556.50",6.94%
27-Dec-18,"3,581.50","3,771.60","3,799.50","3,536.70",-5.04%
26-Dec-18,"3,771.60","3,745.30","3,844.10","3,685.60",0.70%
25-Dec-18,"3,745.30","4,042.00","4,042.00","3,656.90",-7.34%
24-Dec-18,"4,042.00","3,910.80","4,188.10","3,910.80",3.36%
23-Dec-18,"3,910.80","3,949.20","4,016.00","3,889.00",-0.97%
22-Dec-18,"3,949.20","3,825.00","3,954.80","3,792.30",3.25%
21-Dec-18,"3,825.00","4,061.20","4,129.90","3,760.60",-5.82%
20-Dec-18,"4,061.20","3,683.30","4,118.40","3,656.90",10.26%
19-Dec-18,"3,683.30","3,614.10","3,905.30","3,587.80",1.91%
18-Dec-18,"3,614.10","3,517.20","3,618.50","3,435.80",2.76%
17-Dec-18,"3,517.20","3,226.90","3,591.10","3,213.60",9.00%
16-Dec-18,"3,226.90","3,218.60","3,286.60","3,196.70",0.26%
15-Dec-18,"3,218.60","3,222.10","3,259.70","3,162.10",-0.11%
14-Dec-18,"3,222.10","3,308.10","3,428.00","3,183.20",-2.60%
13-Dec-18,"3,308.10","3,445.60","3,451.10","3,249.50",-3.99%
12-Dec-18,"3,445.60","3,401.60","3,515.30","3,365.80",1.29%
11-Dec-18,"3,401.60","3,427.90","3,456.80","3,338.10",-0.77%
10-Dec-18,"3,427.90","3,552.20","3,596.70","3,394.60",-3.50%
09-Dec-18,"3,552.20","3,423.20","3,646.40","3,404.00",3.77%
08-Dec-18,"3,423.20","3,387.50","3,485.90","3,300.00",1.05%
07-Dec-18,"3,387.50","3,513.20","3,843.90","3,237.00",-3.58%
06-Dec-18,"3,513.20","3,772.00","3,897.00","3,513.20",-6.86%
05-Dec-18,"3,772.00","3,963.20","3,972.00","3,754.40",-4.82%
04-Dec-18,"3,963.20","3,925.10","4,081.40","3,801.00",0.97%
03-Dec-18,"3,925.10","4,171.40","4,181.10","3,750.00",-5.91%
02-Dec-18,"4,171.40","4,218.30","4,312.30","4,115.80",-1.11%
01-Dec-18,"4,218.30","4,053.00","4,373.30","3,980.00",4.08%
30-Nov-18,"4,053.00","4,292.60","4,346.60","3,948.20",-5.58%
29-Nov-18,"4,292.60","4,252.70","4,450.10","4,147.80",0.53%
28-Nov-18,"4,270.00","3,878.80","4,396.90","3,878.80",10.09%
27-Nov-18,"3,878.80","3,866.30","3,933.60","3,715.60",0.32%
26-Nov-18,"3,866.30","4,094.30","4,171.90","3,702.20",-5.57%
25-Nov-18,"4,094.30","3,958.60","4,216.30","3,655.50",3.94%
24-Nov-18,"3,938.90","4,421.70","4,508.90","3,828.50",-10.92%
23-Nov-18,"4,421.70","4,376.60","4,466.60","4,203.30",0.65%
22-Nov-18,"4,393.20","4,657.80","4,702.30","4,366.20",-5.78%
21-Nov-18,"4,662.60","4,563.50","4,781.60","4,392.40",2.17%
20-Nov-18,"4,563.50","4,922.80","5,030.80","4,340.80",-7.30%
19-Nov-18,"4,922.80","5,647.10","5,658.40","4,868.10",-12.81%
18-Nov-18,"5,645.80","5,613.90","5,717.10","5,613.90",0.60%
17-Nov-18,"5,612.00","5,652.30","5,669.30","5,551.70",-0.71%
16-Nov-18,"5,652.30","5,749.10","5,765.60","5,567.20",-1.38%
15-Nov-18,"5,731.70","5,862.20","5,906.90","5,428.80",-2.23%
14-Nov-18,"5,862.20","6,464.40","6,988.00","5,677.20",-9.32%
13-Nov-18,"6,464.40","6,437.10","6,514.90","6,404.50",0.57%
12-Nov-18,"6,428.00","6,450.30","6,479.40","6,411.20",-0.35%
11-Nov-18,"6,450.30","6,452.30","6,464.20","6,377.10",-0.13%
10-Nov-18,"6,458.50","6,414.90","6,480.80","6,414.90",0.68%
09-Nov-18,"6,414.90","6,489.90","6,522.90","6,412.00",-1.16%
08-Nov-18,"6,489.90","6,554.90","6,589.70","6,470.20",-0.99%
07-Nov-18,"6,554.90","6,491.70","6,603.00","6,491.70",1.00%
06-Nov-18,"6,490.20","6,438.00","6,637.80","6,425.00",0.81%
05-Nov-18,"6,438.00","6,452.30","6,486.50","6,425.00",-0.28%
04-Nov-18,"6,456.30","6,372.30","6,486.50","6,349.60",1.22%
03-Nov-18,"6,378.70","6,395.80","6,425.20","6,354.30",-0.27%
02-Nov-18,"6,395.80","6,384.90","6,436.80","6,377.60",0.04%
01-Nov-18,"6,393.00","6,372.90","6,417.80","6,285.30",0.00%
31-Oct-18,"6,392.80","6,360.20","6,404.80","6,284.40",0.51%
30-Oct-18,"6,360.20","6,362.00","6,394.00","6,300.60",-0.03%
29-Oct-18,"6,362.00","6,500.40","6,511.80","6,351.20",-2.11%
28-Oct-18,"6,499.40","6,518.30","6,550.90","6,477.60",-0.29%
27-Oct-18,"6,518.30","6,562.40","6,767.00","6,490.90",-0.67%
26-Oct-18,"6,562.40","6,574.60","6,590.40","6,518.30",-0.19%
25-Oct-18,"6,574.60","6,588.60","6,615.00","6,518.30",-0.21%
24-Oct-18,"6,588.60","6,558.20","6,638.90","6,542.70",0.46%
23-Oct-18,"6,558.20","6,585.90","6,638.90","6,527.20",-0.67%
22-Oct-18,"6,602.20","6,609.80","6,638.90","6,562.30",-0.12%
21-Oct-18,"6,609.80","6,583.20","6,665.60","6,583.00",0.40%
20-Oct-18,"6,583.20","6,546.50","6,766.10","6,533.60",0.56%
19-Oct-18,"6,546.50","6,730.60","6,730.60","6,533.60",-2.74%
18-Oct-18,"6,730.60","6,754.10","6,779.60","6,705.50",-0.35%
17-Oct-18,"6,754.10","6,749.40","6,820.40","6,700.00",0.07%
16-Oct-18,"6,749.40","6,752.50","6,861.40","6,697.00",-0.05%
15-Oct-18,"6,752.50","6,347.00","7,200.00","6,318.30",6.39%
14-Oct-18,"6,347.00","6,335.00","6,415.60","6,315.40",0.19%
13-Oct-18,"6,335.00","6,327.10","6,353.00","6,281.10",0.12%
12-Oct-18,"6,327.10","6,301.80","6,359.20","6,134.30",0.40%
11-Oct-18,"6,301.80","6,610.80","6,625.60","6,216.80",-4.68%
10-Oct-18,"6,610.80","6,642.20","6,665.30","6,481.70",-0.47%
09-Oct-18,"6,642.20","6,652.00","6,670.20","6,614.90",-0.15%
08-Oct-18,"6,652.00","6,605.40","6,821.70","6,573.00",0.71%
07-Oct-18,"6,605.40","6,581.40","6,617.00","6,535.00",0.36%
06-Oct-18,"6,581.40","6,636.20","6,656.40","6,535.00",-0.83%
05-Oct-18,"6,636.20","6,576.90","6,663.30","6,551.20",0.90%
04-Oct-18,"6,576.90","6,485.10","6,591.00","6,466.70",1.42%
03-Oct-18,"6,485.10","6,534.90","6,551.50","6,350.00",-0.76%
02-Oct-18,"6,534.90","6,576.20","6,622.20","6,516.90",-0.63%
01-Oct-18,"6,576.20","6,619.20","6,693.30","6,512.10",-0.65%
30-Sep-18,"6,619.20","6,600.80","6,638.10","6,346.60",0.28%
29-Sep-18,"6,600.80","6,639.70","6,639.70","6,300.00",-0.59%
28-Sep-18,"6,639.70","6,661.60","6,758.50","6,550.00",-0.33%
27-Sep-18,"6,661.60","6,457.70","6,700.00","6,277.80",3.16%
26-Sep-18,"6,457.70","6,411.60","6,524.90","6,379.50",0.72%
25-Sep-18,"6,411.60","6,592.90","6,592.90","6,312.50",-2.75%
24-Sep-18,"6,592.90","6,691.90","6,706.00","6,547.30",-1.48%
23-Sep-18,"6,691.90","6,702.50","6,749.00","6,616.20",-0.28%
22-Sep-18,"6,710.50","6,687.20","6,788.40","6,604.60",0.35%
21-Sep-18,"6,687.20","6,482.90","6,737.00","6,452.80",3.15%
20-Sep-18,"6,482.90","6,401.30","6,510.00","6,351.60",1.27%
19-Sep-18,"6,401.30","6,301.20","6,503.10","6,143.30",1.59%
18-Sep-18,"6,301.20","6,231.30","6,389.10","6,226.60",1.12%
17-Sep-18,"6,231.30","6,519.00","6,529.80","6,198.70",-4.41%
16-Sep-18,"6,519.00","6,502.70","6,545.30","6,396.70",0.25%
15-Sep-18,"6,502.70","6,465.60","6,600.00","6,447.60",0.57%
14-Sep-18,"6,465.60","6,506.40","6,685.00","6,396.70",-0.63%
13-Sep-18,"6,506.40","6,315.60","6,681.10","6,307.70",3.02%
12-Sep-18,"6,315.60","6,291.70","6,371.10","6,204.80",0.38%
11-Sep-18,"6,291.70","6,333.70","6,384.50","6,101.00",-0.66%
10-Sep-18,"6,333.70","6,296.20","6,377.70","6,159.00",1.15%
09-Sep-18,"6,261.40","6,243.70","6,424.80","6,160.00",0.28%
08-Sep-18,"6,243.70","6,437.90","6,751.60","5,849.60",-2.97%
07-Sep-18,"6,434.70","6,495.40","6,537.40","6,322.50",-0.93%
06-Sep-18,"6,495.40","6,709.00","6,724.00","6,322.10",-3.18%
05-Sep-18,"6,709.00","7,355.50","7,395.90","6,709.00",-8.79%
04-Sep-18,"7,355.50","7,250.00","7,406.90","7,245.00",1.46%
03-Sep-18,"7,250.00","7,254.70","7,310.40","7,197.90",-0.06%
02-Sep-18,"7,254.70","7,197.90","7,336.00","7,122.10",0.79%
01-Sep-18,"7,197.90","7,015.90","7,250.00","6,987.10",2.59%
31-Aug-18,"7,015.90","6,961.40","7,066.10","6,800.00",0.78%
30-Aug-18,"6,961.40","7,029.70","7,065.60","6,653.60",-0.97%
29-Aug-18,"7,029.70","7,066.20","7,138.80","6,600.00",-0.16%
28-Aug-18,"7,040.80","6,873.30","7,129.70","6,816.30",2.44%
27-Aug-18,"6,873.30","6,684.90","6,900.00","6,657.30",2.82%
26-Aug-18,"6,684.90","6,712.70","6,736.20","6,548.00",-0.41%
25-Aug-18,"6,712.70","6,698.40","6,761.30","6,646.80",0.21%
24-Aug-18,"6,698.40","6,525.80","6,711.40","6,478.20",2.65%
23-Aug-18,"6,525.80","6,364.20","6,561.00","6,364.20",2.54%
22-Aug-18,"6,364.20","6,443.00","6,865.90","6,200.00",-1.22%
21-Aug-18,"6,443.00","6,266.20","6,472.00","6,250.00",2.82%
20-Aug-18,"6,266.20","6,492.70","6,516.90","6,235.40",-3.49%
19-Aug-18,"6,492.70","6,409.00","6,515.40","6,329.20",1.31%
18-Aug-18,"6,409.00","6,548.00","6,592.00","6,301.10",-2.12%
17-Aug-18,"6,548.00","6,313.70","6,572.90","6,290.00",3.71%
16-Aug-18,"6,313.70","6,276.60","6,447.40","6,227.90",0.59%
15-Aug-18,"6,276.60","6,177.80","6,599.10","6,163.00",1.60%
14-Aug-18,"6,177.80","6,277.80","6,277.80","5,886.00",-1.59%
13-Aug-18,"6,277.80","6,327.90","6,510.80","6,163.00",-0.93%
12-Aug-18,"6,336.60","6,239.00","6,439.70","6,184.50",1.67%
11-Aug-18,"6,232.70","6,140.70","6,474.00","6,014.10",1.50%
10-Aug-18,"6,140.70","6,536.10","6,788.00","6,035.10",-6.19%
09-Aug-18,"6,545.80","6,275.70","6,622.20","6,206.20",4.25%
08-Aug-18,"6,279.10","6,709.80","6,714.70","6,141.50",-6.42%
07-Aug-18,"6,709.80","6,910.40","7,436.20","6,696.00",-2.90%
06-Aug-18,"6,910.40","7,010.40","7,151.30","6,850.00",-1.43%
05-Aug-18,"7,010.40","6,986.90","7,076.70","6,900.00",0.34%
04-Aug-18,"6,986.90","7,383.60","7,475.00","6,964.60",-5.37%
03-Aug-18,"7,383.60","7,577.60","7,608.50","7,315.50",-2.56%
02-Aug-18,"7,577.60","7,607.30","7,695.70","7,147.80",-0.39%
01-Aug-18,"7,607.30","7,735.90","7,766.30","7,468.70",-1.66%
31-Jul-18,"7,735.90","8,178.10","8,178.10","7,665.00",-5.41%
30-Jul-18,"8,178.10","8,218.10","8,371.70","7,843.10",-0.58%
29-Jul-18,"8,225.60","8,195.20","8,269.40","8,122.00",0.37%
28-Jul-18,"8,195.20","8,168.30","8,252.70","8,065.40",0.33%
27-Jul-18,"8,168.30","7,953.40","8,252.70","7,802.70",2.70%
26-Jul-18,"7,953.40","8,161.30","8,300.00","7,880.30",-2.55%
25-Jul-18,"8,161.30","8,381.40","8,815.00","8,065.40",-2.97%
24-Jul-18,"8,410.80","7,772.90","8,486.60","7,730.00",8.44%
23-Jul-18,"7,756.20","7,413.40","7,788.50","7,401.80",4.62%
22-Jul-18,"7,413.40","7,452.50","7,905.00","7,162.00",-0.52%
21-Jul-18,"7,452.50","7,393.60","7,452.50","7,250.00",1.17%
20-Jul-18,"7,366.10","7,434.20","7,891.00","7,288.20",-0.92%
19-Jul-18,"7,434.20","7,374.10","7,536.10","7,262.50",0.82%
18-Jul-18,"7,374.10","7,329.50","7,588.90","7,245.40",0.61%
17-Jul-18,"7,329.50","6,670.60","7,400.00","6,632.10",9.88%
16-Jul-18,"6,670.60","6,282.80","6,692.00","6,249.70",6.17%
15-Jul-18,"6,282.80","6,235.40","6,372.50","6,206.30",0.76%
14-Jul-18,"6,235.40","6,154.00","6,250.00","5,750.00",1.32%
13-Jul-18,"6,154.00","6,251.90","6,386.00","5,708.30",-1.57%
12-Jul-18,"6,251.90","6,345.20","6,372.50","6,112.10",-1.47%
11-Jul-18,"6,345.20","6,302.90","6,409.20","5,924.40",0.67%
10-Jul-18,"6,302.90","6,664.10","6,678.00","6,297.80",-5.42%
09-Jul-18,"6,664.10","6,686.10","6,899.00","6,639.90",-0.33%
08-Jul-18,"6,686.10","6,740.30","6,770.30","6,262.60",-0.80%
07-Jul-18,"6,740.30","6,576.30","6,770.60","6,509.20",2.49%
06-Jul-18,"6,576.30","6,536.80","6,890.00","6,463.80",0.61%
05-Jul-18,"6,536.80","6,582.10","7,065.20","5,936.90",-0.69%
04-Jul-18,"6,582.10","6,498.30","6,721.10","6,418.80",1.29%
03-Jul-18,"6,498.30","6,599.50","6,660.30","6,450.40",-1.53%
02-Jul-18,"6,599.50","6,351.90","6,649.00","6,285.70",3.90%
01-Jul-18,"6,351.90","6,364.60","6,431.60","6,201.70",-0.20%
30-Jun-18,"6,364.60","6,205.40","6,499.40","5,772.20",2.65%
29-Jun-18,"6,200.50","5,856.10","6,268.90","5,811.10",5.88%
28-Jun-18,"5,856.10","6,106.10","6,124.60","5,856.10",-4.09%
27-Jun-18,"6,106.10","6,059.50","6,126.10","6,006.60",0.77%
26-Jun-18,"6,059.50","6,252.10","6,255.10","6,048.70",-2.58%
25-Jun-18,"6,220.10","6,133.10","6,329.50","5,050.50",1.42%
24-Jun-18,"6,133.10","6,217.90","6,488.70","5,276.30",-0.71%
23-Jun-18,"6,176.80","6,074.90","6,254.30","6,048.70",2.03%
22-Jun-18,"6,053.70","6,695.20","6,722.70","5,985.60",-9.87%
21-Jun-18,"6,716.60","6,739.00","6,791.60","6,658.60",-0.33%
20-Jun-18,"6,739.00","6,688.90","6,777.70","6,554.80",0.75%
19-Jun-18,"6,688.90","6,686.10","6,810.30","6,656.40",0.04%
18-Jun-18,"6,686.10","6,489.40","6,799.00","6,396.40",3.03%
17-Jun-18,"6,489.40","6,495.70","6,586.50","6,441.30",-0.16%
16-Jun-18,"6,499.80","6,431.50","6,545.00","6,336.00",1.06%
15-Jun-18,"6,431.50","6,624.90","6,650.00","6,386.40",-2.73%
14-Jun-18,"6,611.90","6,307.70","6,691.20","6,304.40",4.82%
13-Jun-18,"6,307.70","6,585.40","6,625.10","5,050.00",-4.35%
12-Jun-18,"6,594.40","6,871.00","7,249.00","6,497.40",-4.03%
11-Jun-18,"6,871.00","6,745.50","6,933.00","6,700.00",1.86%
10-Jun-18,"6,745.50","7,487.80","7,487.80","5,500.00",-9.72%
09-Jun-18,"7,472.00","7,643.40","7,691.00","7,469.50",-2.24%
08-Jun-18,"7,643.40","7,625.90","7,690.60","7,548.20",-0.19%
07-Jun-18,"7,657.70","7,617.00","7,726.10","7,544.90",0.53%
06-Jun-18,"7,617.00","7,581.50","7,672.30","7,479.30",0.40%
05-Jun-18,"7,587.00","7,507.30","7,637.20","7,356.40",1.06%
04-Jun-18,"7,507.30","7,693.20","7,718.30","7,453.30",-2.42%
03-Jun-18,"7,693.20","7,589.40","7,747.20","7,588.50",1.37%
02-Jun-18,"7,589.40","7,513.10","7,672.30","7,446.00",1.02%
01-Jun-18,"7,513.10","7,486.90","7,592.30","7,351.00",0.35%
31-May-18,"7,486.90","7,388.40","7,723.00","7,368.30",1.33%
30-May-18,"7,388.40","7,420.00","8,017.00","7,308.50",-0.43%
29-May-18,"7,420.00","7,108.70","7,513.10","7,093.10",3.97%
28-May-18,"7,136.60","7,345.10","7,426.10","7,103.10",-3.28%
27-May-18,"7,378.40","7,397.00","7,592.30","7,308.50",-0.25%
26-May-18,"7,397.00","7,457.40","7,611.20","7,350.00",-0.81%
25-May-18,"7,457.40","7,574.50","7,644.10","7,095.10",-1.55%
24-May-18,"7,574.50","7,529.50","7,762.20","7,095.10",0.60%
23-May-18,"7,529.50","8,002.00","8,045.20","7,500.00",-5.90%
22-May-18,"8,002.00","8,420.60","8,427.10","8,002.00",-4.97%
21-May-18,"8,420.60","8,543.90","8,619.90","8,336.50",-1.44%
20-May-18,"8,543.90","8,222.00","8,550.00","8,183.10",3.75%
19-May-18,"8,234.80","8,213.60","8,429.80","8,122.80",0.26%
18-May-18,"8,213.60","8,082.70","8,249.80","7,966.30",1.62%
17-May-18,"8,082.70","8,318.50","8,424.30","8,050.00",-2.83%
16-May-18,"8,318.50","8,480.40","8,495.80","8,135.10",-1.91%
15-May-18,"8,480.40","8,639.00","8,944.00","8,424.30",-1.84%
14-May-18,"8,639.00","8,693.50","8,881.00","8,305.50",-0.28%
13-May-18,"8,663.10","8,424.30","8,730.00","8,347.70",2.83%
12-May-18,"8,424.30","8,447.60","8,949.00","8,200.00",-0.28%
11-May-18,"8,447.60","9,100.50","9,100.50","8,400.00",-6.76%
10-May-18,"9,060.00","9,302.20","9,406.70","9,060.00",-2.81%
09-May-18,"9,321.90","9,201.60","9,392.10","9,020.00",1.31%
08-May-18,"9,201.60","9,340.10","9,449.50","9,084.00",-1.69%
07-May-18,"9,359.30","9,657.40","9,687.00","9,241.10",-3.09%
06-May-18,"9,657.40","9,875.10","9,932.10","9,472.20",-2.20%
05-May-18,"9,875.10","9,693.80","9,966.00","9,672.80",1.87%
04-May-18,"9,693.80","9,751.30","9,794.20","9,374.00",-0.59%
03-May-18,"9,751.30","9,212.60","9,771.00","9,155.80",5.59%
02-May-18,"9,235.30","9,020.00","9,261.70","8,993.00",2.39%
01-May-18,"9,020.00","9,284.80","9,284.80","8,860.00",-2.85%
30-Apr-18,"9,284.80","9,405.50","9,500.00","9,183.40",-1.28%
29-Apr-18,"9,405.50","9,405.70","9,560.00","9,190.00",0.00%
28-Apr-18,"9,405.70","8,957.20","9,624.60","8,925.90",5.01%
27-Apr-18,"8,957.20","9,260.30","9,421.00","8,957.20",-3.27%
26-Apr-18,"9,260.30","8,835.90","9,261.70","8,710.30",4.80%
25-Apr-18,"8,835.90","9,658.30","9,750.00","8,820.00",-8.51%
24-Apr-18,"9,658.30","8,900.10","9,658.30","8,832.90",8.52%
23-Apr-18,"8,900.10","8,819.60","8,970.00","8,650.00",0.91%
22-Apr-18,"8,819.60","8,902.60","9,069.60","8,441.00",-0.93%
21-Apr-18,"8,902.60","8,748.10","8,975.00","8,470.20",1.77%
20-Apr-18,"8,748.10","8,241.90","8,819.60","8,208.00",6.14%
19-Apr-18,"8,241.90","8,126.40","8,300.00","8,094.10",1.42%
18-Apr-18,"8,126.40","7,954.20","8,192.80","7,871.00",2.16%
17-Apr-18,"7,954.20","8,046.00","8,277.00","7,808.60",-1.14%
16-Apr-18,"8,046.00","8,327.60","8,496.00","7,901.10",-3.38%
15-Apr-18,"8,327.60","8,003.40","8,350.10","7,990.30",4.05%
14-Apr-18,"8,003.40","7,836.60","8,505.00","7,788.90",2.13%
13-Apr-18,"7,836.60","7,879.50","8,389.00","7,692.00",-0.54%
12-Apr-18,"7,879.50","6,940.00","7,942.00","6,446.00",13.54%
11-Apr-18,"6,940.00","6,838.40","6,978.90","6,670.00",1.49%
10-Apr-18,"6,838.40","6,775.50","6,885.00","6,691.50",0.93%
09-Apr-18,"6,775.50","6,939.70","7,200.00","6,700.00",-2.37%
08-Apr-18,"6,939.70","6,853.80","7,041.00","6,809.40",1.25%
07-Apr-18,"6,853.80","6,575.70","7,071.90","6,551.30",4.23%
06-Apr-18,"6,575.70","6,762.00","6,846.90","6,512.50",-2.76%
05-Apr-18,"6,762.00","6,743.70","6,919.00","6,450.00",0.27%
04-Apr-18,"6,743.70","7,289.40","7,330.30","6,730.00",-7.49%
03-Apr-18,"7,289.40","6,995.60","7,499.00","6,953.70",4.20%
02-Apr-18,"6,995.60","6,799.20","7,066.70","6,799.20",2.89%
01-Apr-18,"6,799.20","6,944.30","7,065.60","6,450.00",-2.09%
31-Mar-18,"6,944.30","6,839.20","7,239.00","6,733.00",1.54%
30-Mar-18,"6,839.20","7,143.50","7,302.40","6,305.00",-4.26%
29-Mar-18,"7,143.50","7,957.10","7,984.70","7,002.40",-10.22%
28-Mar-18,"7,957.10","7,813.40","8,107.80","7,721.50",1.84%
27-Mar-18,"7,813.40","8,227.30","8,370.00","7,800.00",-5.03%
26-Mar-18,"8,227.30","8,436.30","8,720.80","7,800.00",-2.48%
25-Mar-18,"8,436.30","8,538.00","8,898.00","8,405.00",-1.19%
24-Mar-18,"8,538.00","8,858.10","8,960.50","8,538.00",-3.61%
23-Mar-18,"8,858.10","8,728.40","8,858.10","8,000.10",1.49%
22-Mar-18,"8,728.40","8,875.00","9,054.50","8,485.00",-1.65%
21-Mar-18,"8,875.00","8,902.20","9,267.50","8,669.90",-0.31%
20-Mar-18,"8,902.20","8,473.30","9,023.30","8,234.70",5.06%
19-Mar-18,"8,473.30","8,070.00","8,622.60","7,951.90",5.00%
18-Mar-18,"8,070.00","7,817.90","8,211.00","7,175.80",3.22%
17-Mar-18,"7,817.90","8,223.40","8,282.80","7,675.90",-4.93%
16-Mar-18,"8,223.40","8,182.90","8,503.00","7,913.30",0.49%
15-Mar-18,"8,182.90","8,259.40","8,443.80","7,655.30",-0.93%
14-Mar-18,"8,259.40","9,214.00","9,450.00","7,777.90",-10.36%
13-Mar-18,"9,214.00","9,113.00","9,440.70","8,940.80",1.11%
12-Mar-18,"9,113.00","9,478.80","9,800.00","8,751.00",-3.86%
11-Mar-18,"9,478.80","8,784.40","9,664.40","8,543.80",7.90%
10-Mar-18,"8,784.40","9,295.00","9,640.70","8,717.00",-5.49%
09-Mar-18,"9,295.00","9,324.00","9,578.00","8,400.00",-0.31%
08-Mar-18,"9,324.00","10,113.00","10,718.00","8,632.00",-7.80%
07-Mar-18,"10,113.00","10,716.70","11,650.00","8,889.00",-5.63%
06-Mar-18,"10,716.70","11,573.10","11,573.10","10,655.00",-7.40%
05-Mar-18,"11,573.10","11,292.00","11,600.00","11,230.00",2.49%
04-Mar-18,"11,292.00","11,362.30","11,401.00","11,026.00",-0.62%
03-Mar-18,"11,362.30","11,037.40","11,521.00","10,982.00",2.94%
02-Mar-18,"11,037.40","10,853.00","11,105.00","10,647.50",1.70%
01-Mar-18,"10,853.00","10,371.00","10,980.00","10,317.90",4.65%
28-Feb-18,"10,371.00","10,610.30","10,900.00","10,317.90",-2.26%
27-Feb-18,"10,610.30","10,300.50","10,900.00","10,160.00",3.01%
26-Feb-18,"10,300.50","9,532.50","10,368.00","9,323.60",8.06%
25-Feb-18,"9,532.50","9,639.40","9,844.90","9,194.20",-1.11%
24-Feb-18,"9,639.40","10,171.00","10,511.00","9,460.00",-5.23%
23-Feb-18,"10,171.00","9,983.50","11,286.00","9,756.90",1.88%
22-Feb-18,"9,983.50","10,455.50","10,932.80","9,771.40",-4.51%
21-Feb-18,"10,455.50","11,501.10","11,521.10","10,000.00",-9.09%
20-Feb-18,"11,501.10","10,970.00","11,900.00","10,911.10",4.84%
19-Feb-18,"10,970.00","10,480.60","11,440.90","10,317.90",4.67%
18-Feb-18,"10,480.60","10,974.00","11,215.00","10,033.50",-4.50%
17-Feb-18,"10,974.00","10,050.00","11,048.00","10,012.70",9.19%
16-Feb-18,"10,050.00","9,977.70","10,188.30","9,675.80",0.72%
15-Feb-18,"9,977.70","9,300.00","10,290.00","9,241.90",7.29%
14-Feb-18,"9,300.00","8,600.00","9,753.00","8,566.20",8.14%
13-Feb-18,"8,600.00","8,847.80","9,298.00","8,345.40",-2.80%
12-Feb-18,"8,847.80","8,087.10","9,030.00","8,087.10",9.41%
11-Feb-18,"8,087.10","8,534.20","8,539.20","7,809.40",-5.24%
10-Feb-18,"8,534.20","8,436.50","9,100.00","8,258.40",1.16%
09-Feb-18,"8,436.50","8,205.70","8,659.30","7,947.00",2.81%
08-Feb-18,"8,205.70","7,674.10","8,450.10","7,674.10",6.93%
07-Feb-18,"7,674.10","7,626.00","8,420.70","7,206.40",0.63%
06-Feb-18,"7,626.00","6,927.20","7,734.30","5,843.50",10.09%
05-Feb-18,"6,927.20","8,433.30","8,629.10","6,422.10",-17.86%
04-Feb-18,"8,433.30","9,218.00","9,381.90","7,647.80",-8.51%
03-Feb-18,"9,218.00","9,063.40","9,549.30","8,477.80",1.71%
02-Feb-18,"9,063.40","8,856.10","9,900.00","8,121.70",2.34%
01-Feb-18,"8,856.10","10,215.70","10,985.00","8,856.10",-13.31%
31-Jan-18,"10,215.70","10,364.00","11,419.00","9,938.40",-1.43%
30-Jan-18,"10,364.00","11,384.00","11,451.80","10,053.00",-8.96%
29-Jan-18,"11,384.00","11,874.70","11,961.40","11,114.00",-4.13%
28-Jan-18,"11,874.70","11,380.30","12,237.90","11,330.00",4.34%
27-Jan-18,"11,380.30","10,998.60","12,000.00","10,921.50",3.47%
26-Jan-18,"10,998.60","11,255.70","11,579.20","9,823.50",-2.28%
25-Jan-18,"11,255.70","11,240.00","11,750.00","11,000.00",0.14%
24-Jan-18,"11,240.00","10,818.00","12,114.00","10,509.80",4.08%
23-Jan-18,"10,799.00","10,695.00","11,928.00","10,000.00",0.97%
22-Jan-18,"10,695.00","11,357.70","12,830.00","10,113.50",-5.83%
21-Jan-18,"11,357.70","12,650.60","12,650.60","11,153.00",-10.22%
20-Jan-18,"12,650.60","11,358.30","12,862.00","11,309.90",11.38%
19-Jan-18,"11,358.30","10,998.10","11,653.70","10,498.00",3.27%
18-Jan-18,"10,998.10","11,114.00","11,934.00","10,400.20",-1.84%
17-Jan-18,"11,204.10","11,114.00","11,572.50","8,869.00",-12.97%
16-Jan-18,"12,873.30","14,967.00","15,390.00","11,502.00",-13.99%
15-Jan-18,"14,967.00","14,989.30","15,497.00","14,800.00",-0.15%
14-Jan-18,"14,989.30","15,246.50","15,343.00","14,635.00",-1.69%
13-Jan-18,"15,246.50","15,295.00","15,700.00","15,135.00",-0.32%
12-Jan-18,"15,295.00","15,050.00","15,499.00","14,600.00",1.63%
11-Jan-18,"15,050.00","16,200.00","16,400.00","14,360.00",-7.10%
10-Jan-18,"16,200.00","15,600.00","16,200.00","14,900.00",3.85%
09-Jan-18,"15,600.00","16,345.00","16,705.00","15,322.40",-4.56%
08-Jan-18,"16,345.00","17,170.00","17,200.00","14,770.00",-4.80%
07-Jan-18,"17,170.00","18,000.00","18,000.00","16,900.00",-4.61%
06-Jan-18,"18,000.00","18,037.00","18,200.00","16,800.00",-0.21%
05-Jan-18,"18,037.00","15,650.00","18,500.00","15,495.10",15.25%
04-Jan-18,"15,650.00","15,300.00","15,746.90","14,333.30",2.29%
03-Jan-18,"15,300.00","15,159.10","15,840.00","15,001.00",0.93%
02-Jan-18,"15,159.10","14,278.50","16,150.00","13,999.00",6.17%
01-Jan-18,"14,278.50","14,750.00","14,900.00","13,990.00",-3.20%
